area,age,site_index,band1_mean,band2_mean,band3_mean,band4_mean,band5_mean,band7_mean,Target
0.0996526850120224,0.3878787878787879,0.3220362234042367,0.0156792593569099,0.0071538348946137,0.0236787622577883,0.2040621792051607,0.0421227918672135,0.0295753751870685,433.4906
0.0629174458990114,0.2181818181818181,0.2243373451188164,0.0208856545456666,0.0130452283372361,0.0360760199843795,0.1409088052290849,0.1754203548251911,0.1061665927089889,83.50726
0.1063318193962062,0.2181818181818181,0.4189602387921678,0.0289774121030176,0.0346323118479882,0.0479689347261838,0.4480812302523712,0.3254834773191959,0.1610733995284979,263.3786
0.0316590969810312,0.1515151515151515,0.2810997517165886,0.0173988716139658,0.0323706454918033,0.0537886019612463,0.2105422349318081,0.1879229542626013,0.1002411281955141,56.77525
0.03379641998397,0.2303030303030303,0.2784141058123943,0.0179560560221471,0.0073002049180328,0.0196744480120997,0.1814562252529695,0.0308277402435772,0.0284893286228219,188.75957
0.0180336628372962,0.4606060606060606,0.3276879699706245,0.0185961756357391,0.0062329234972676,0.0371917731797727,0.1632692965732997,0.1356231665036892,0.0837807349561538,170.96721000000002
0.0495591771306438,0.3939393939393939,0.3187353527236491,0.023890595614947,0.0123911372950819,0.0388421581146251,0.1975362956445226,0.1496851803493645,0.0912957893069664,353.81308
0.4019503072401817,0.1818181818181818,0.2289889597269752,0.036558656216052,0.0491340154786299,0.0627544758527983,0.3048431509647427,0.2778349642984163,0.1608195657383707,61.90265
0.0627838632113278,0.4545454545454545,0.2618178342764807,0.0320593796046146,0.040782347775176,0.0482430429246195,0.2768943917206115,0.2140071180930369,0.1261697972851603,342.6853
0.0732033128506545,0.5151515151515151,0.2617581223075211,0.0708269991639732,0.1007345945550355,0.1135013220789851,0.5843913016152354,0.49925866426222,0.3063267753421249,225.46823
0.1236975687950841,0.4606060606060606,0.3287488584220511,0.0328520455703341,0.0378901324085749,0.0479201692893226,0.2848184371721558,0.2307935919090227,0.1305433937513034,400.02838
0.0312583489179802,0.2121212121212121,0.2893492300637752,0.0141573899940423,0.0,0.0218191735987997,0.0551400498606819,0.114260156458352,0.0850413247182258,131.6779
0.0412770504942559,0.3757575757575757,0.2833489605765217,0.0250557768458926,0.027824026639344,0.0293505076677037,0.2916666666666653,0.1140726397902037,0.0683385103707752,265.45911
0.1200908362276249,0.3939393939393939,0.2744558812111328,0.0214901470639766,0.0146004098360656,0.0285834273458709,0.2729826587476156,0.1339650330029337,0.0727263324272168,296.47903
0.1111407961528186,0.3878787878787879,0.3071164132708893,0.019626653527295,0.0204755029806263,0.0477339503410935,0.1807623085229785,0.0990906262374836,0.0823702848727171,260.8121
0.0410098851188885,0.1272727272727272,0.355059379462077,0.0278592204090691,0.0274398053278686,0.0320159180789212,0.4703402258395646,0.2241240888078926,0.0943260531581002,59.78027
0.0861608335559711,0.4909090909090909,0.2836200146163758,0.0381829013304675,0.0204021516393443,0.0336957465008741,0.7032116146062473,0.3575817850475601,0.134815226631413,246.19371
0.2602190756078012,0.5151515151515151,0.2536042179281443,0.4075298238462676,0.3674144997173554,0.348219304924234,0.4865947580543203,0.309359682546494,0.2256636236037234,410.03772
0.0793481164841036,0.5757575757575758,0.3535832926259025,0.572343028019417,0.5218640222482467,0.4886290581094902,0.7225399618712408,0.4564096173628161,0.3225586001081419,347.1774
0.1065989847715736,0.6666666666666666,0.2750505636775052,0.3488768704225016,0.3098851605191265,0.2953853274322393,0.4776421273891598,0.282747355320471,0.1982439014929901,412.29916
0.2598183275447502,0.6363636363636364,0.253134704283002,0.5265125223553101,0.4839772972390001,0.4577720039906131,0.7046198315851212,0.4532727470511995,0.317370059308961,309.97986000000003
0.2118621426663104,0.5757575757575758,0.3694329034187627,0.6826560291558124,0.6555632044057393,0.6375460248193116,0.8045012098548174,0.6428133889679091,0.5654714767324205,408.798
0.1640395404755543,0.5757575757575758,0.3694329034187627,0.4946746253314483,0.4548411885245912,0.4236762828062441,0.7468140489807875,0.459949217708243,0.3033075935987891,367.91412
0.1235639861074004,0.5818181818181818,0.2701648015525809,0.6224919002781136,0.5915611028315948,0.5644358740573874,0.7372981908837615,0.5327544266561067,0.4352061269951611,329.22641
0.3260753406358536,0.5818181818181818,0.291777923005333,0.4598738376399189,0.4271045823751954,0.4034432289459931,0.6007071006682798,0.3989347821364938,0.2967559053745358,401.73199
0.1576275714667379,0.4848484848484848,0.3108384013069087,0.4008223434451978,0.3626238046448092,0.3470075086057638,0.433748839028205,0.2887562227753575,0.224304170612743,418.64066
0.1765963131178199,0.5757575757575758,0.2932729853651709,0.3378512439446446,0.3081489223507031,0.2995365639406283,0.4720987052982226,0.2981090878713039,0.2224914956366506,501.03751
0.056104728827144,0.5757575757575758,0.2715491443431527,0.7208683237338412,0.6986868517898992,0.6938770450098923,0.7108020506926923,0.6606913811839977,0.6417925678767533,328.48721
0.0864279989313385,0.5757575757575758,0.2528821035046922,0.6715649055589943,0.6642546106557419,0.6598750356421176,0.7092193381238716,0.6652049626633503,0.6621328532317955,355.62152000000003
0.1354528453112476,0.5757575757575758,0.2073297051203622,0.2864693798882954,0.2703477202868859,0.2514761591878738,0.5304506316384907,0.316443306865374,0.209107253101027,188.72748
0.1135452845311247,0.5151515151515151,0.3876709929700037,0.3031828641636016,0.2735917706780931,0.2622020009173977,0.6279646442426925,0.3494628815490692,0.2177272124892998,463.33533
0.1337162703713598,0.5757575757575758,0.2172392806570475,0.2838873925577178,0.2666748678817952,0.2540149171634823,0.4530066918285613,0.2808473326284,0.1995967813962123,349.2962
0.0279187817258883,0.5757575757575758,0.1234314292468875,0.6117113854851701,0.6160348360655779,0.6087053543756112,0.7719606980495687,0.663392301537917,0.5214962877247653,94.67865
0.1228960726689821,0.5696969696969697,0.2543702023696076,0.1703631088392038,0.1776186160151331,0.1673725156610749,0.4743476936613772,0.345825611849257,0.2136438577826,285.54553
0.3546620358001603,0.696969696969697,0.3006438447405245,0.9303632565581936,0.8996045763280429,0.8973223920822705,0.7142064691367488,0.7736544470335417,0.7958019095574713,397.45145
0.2292278920651883,0.5757575757575758,0.2389632957664388,1.0,1.0,1.0,0.9907635528181084,1.0,1.0,378.80792
0.2701041944963933,0.5515151515151515,0.1975762859573117,0.537402189022182,0.5474631147540997,0.5423770501964982,0.8204769027716676,0.7030291581473901,0.6010647135067347,95.96174
0.1092706385252471,0.4545454545454545,0.2618178342764807,0.092753932747391,0.095707699063232,0.1049250762874113,0.4115967988603254,0.30319957012052,0.1717034077019722,304.61255
0.4281325140261822,0.7151515151515152,0.2781228576372653,0.0602331167798936,0.0702325533295998,0.0717905174530678,0.4269967728096216,0.2491595698775728,0.1247218958097563,537.51147
0.1305102858669516,0.1636363636363636,0.3293198650056874,0.0652127696854303,0.0704448428961748,0.063081379732137,0.4964877548027585,0.2300121121877487,0.0989692254483982,89.22485999999999
0.0416777985573069,0.5575757575757576,0.2759787975506603,0.0708149844058451,0.067996194379391,0.0616320812693377,0.4364401986047382,0.2014464777821508,0.0861800112945149,372.75723
0.0988511888859203,0.5151515151515151,0.2536042179281443,0.1142703620947732,0.1034378659250589,0.1027112802648054,0.3973613642553367,0.2214839731785678,0.1140902997848681,410.03772
0.0733368955383382,0.5454545454545454,0.256846769338757,0.0959786938289197,0.1005584016393445,0.0933364739719576,0.566080070391553,0.3008267401546807,0.1426754886401466,388.64551
0.2908095110873631,0.5333333333333333,0.2712986326133195,0.0662036886185724,0.0784898417277827,0.0722939559453659,0.623240211174659,0.3145328926898756,0.1376320323173703,311.75307999999995
0.3371627037135987,0.6666666666666666,0.2852376344868479,0.1546335204549938,0.1290673533218294,0.1298005933719043,0.3357823727819313,0.1984246552909972,0.1183321223619265,531.5736099999999
0.1828746994389527,0.4545454545454545,0.2483290223496851,0.0640067334924182,0.0782629255989915,0.0707579986803423,0.5339082387036648,0.3638435304583423,0.1692106115483263,205.91945
0.1816724552497996,0.5757575757575758,0.2824111518978482,0.0452956381421847,0.0571352772666448,0.0559850038722456,0.3529521355396524,0.1911547466350745,0.0881373885844132,485.20135
0.1761955650547689,0.6666666666666666,0.2852376344868479,0.0426845520702472,0.044492051664183,0.0533608026510599,0.3032302790331808,0.1761419196857903,0.0823379620583048,478.41092
0.1415976489446967,0.6363636363636364,0.2698495293199694,0.0550409419570368,0.0732325819672133,0.0635070189140832,0.5237473725375189,0.2402658014045702,0.1060059021459113,297.00476000000003
0.216136788672188,0.6363636363636364,0.2906071854215055,0.0547993118213539,0.0782530737704917,0.0655673250791211,0.6176397879873472,0.3448449385977163,0.1549971301958343,421.78519000000006
0.252872027785199,0.5454545454545454,0.2127029118898542,0.0533673711026555,0.0749790424739194,0.067736362171233,0.6222413310402772,0.3430259457406324,0.1489082675588542,144.37028999999998
0.1818060379374833,0.5151515151515151,0.2331956070095933,0.09075948289816,0.1065427400468386,0.100077748516314,0.4681205874342719,0.2850110486011466,0.1440618603257305,195.31612
0.1743254074271974,0.6727272727272727,0.2741035283680597,0.0509885439716569,0.0714417765502494,0.0608489749893412,0.5577727194475803,0.2877060086500458,0.1226237637050487,567.77185
0.3117819930537002,0.503030303030303,0.2955672828547265,0.0620626336016069,0.0902663934426234,0.0763026418556217,0.6360918023170566,0.3450706729487069,0.1527854185319623,303.30252
0.1142131979695431,0.5757575757575758,0.2715491443431527,0.0538494784426872,0.0767055157103823,0.0653645413634505,0.6596825047660934,0.359226375677839,0.1578403834778698,375.41931
0.3517232166711194,0.7575757575757576,0.2828482852916015,0.1549522560981638,0.1779363374842373,0.1599818427856069,0.5711656908863264,0.3444136273651701,0.2068821736446233,558.2663
0.2266898209991985,0.5757575757575758,0.2784447451900529,0.8008795573329385,0.791362259444049,0.7862781859372098,0.8292413606019446,0.7856567926810906,0.7711260222201809,232.25073
0.3938017632914774,0.5575757575757576,0.2823039140760434,0.0682539472942453,0.089135167943692,0.0751011050268729,0.6172339754012145,0.3802783677389673,0.1714164925333594,287.11652000000004
0.3348917980229762,0.5515151515151515,0.2442473698009241,0.2888681597228593,0.3032085528883693,0.2917458467710759,0.5833123834663663,0.4378365378509851,0.3284367347862277,291.80707
0.121693828479829,0.696969696969697,0.2806009913927721,0.2860914156221892,0.2581469148451735,0.2463335110273616,0.5146200974401584,0.318667214863545,0.2054222598603432,321.25122000000005
0.2010419449639326,0.6242424242424243,0.3034541372038295,0.2601525540538959,0.2355852971311481,0.2222626854939692,0.5410855697316321,0.3068522757578455,0.1900617850597483,433.0127
0.1536200908362276,0.7151515151515152,0.3675195091014619,0.3492453533453894,0.3134721963487338,0.3070631685362114,0.5188344065378842,0.3232067597927898,0.2218990593767159,545.11224
0.1494790275180336,0.696969696969697,0.2806009913927721,0.0459996433911664,0.0607641241024251,0.0568204230579568,0.3913639454174571,0.2124321059943614,0.1019162380176187,481.8714900000001
0.1536200908362276,0.4545454545454545,0.2618178342764807,0.0527297697338233,0.0703948331381735,0.0639897740334127,0.4003794544654641,0.3119875536555619,0.1531391455602534,304.61255
0.3478493187282928,0.5757575757575758,0.3041349929198665,0.0382275030841834,0.0417937759497864,0.0405722002212251,0.3680391171133171,0.2408353195934792,0.1110993166361305,413.4292
0.1556238311514827,0.5757575757575758,0.2986514147558546,0.0432531292604411,0.0559865339578456,0.0566908885468823,0.339288333019085,0.2328361727391632,0.1181352691312962,235.29781
0.3132514026182206,0.5454545454545454,0.2703004156161945,0.0577018771390855,0.0778816598360657,0.0687272975217881,0.6057138143422789,0.3889929104809337,0.1740753250867058,295.5094
0.2380443494523109,0.5757575757575758,0.2784447451900529,0.0506961353893334,0.0685442087369601,0.0679975498510642,0.4520257569091729,0.3128118964109936,0.1505941961742129,319.34476
0.1667111942292279,0.5757575757575758,0.2986514147558546,0.0482672026524275,0.0611836481984747,0.0649523491179151,0.362603546397963,0.2600899640276988,0.1361644362167418,235.29781
0.2355062783863211,0.5151515151515151,0.2187270313472169,0.0561701067255389,0.0713655510018214,0.0693351075186615,0.5281219957308844,0.3409724382908118,0.1649190798341192,161.77347
0.2189420251135453,0.4969696969696969,0.3179277614000245,0.046309131854122,0.0575118636755826,0.0605425123024991,0.3803775125932249,0.2263861519216394,0.1118282772074464,435.20193
0.3919316056639059,0.5151515151515151,0.2997140440810119,0.0498389966786978,0.0687689738919246,0.0640616814079242,0.4305605796440212,0.2485356723066759,0.121335535594422,425.40454000000005
0.1568260753406358,0.5818181818181818,0.2974225319894253,0.0505485610707508,0.063419117647059,0.0688047803825795,0.3517054424057367,0.2817419554940825,0.1530832257332191,260.29666000000003
0.2683676195565054,0.503030303030303,0.2104138370214903,0.0546027641752332,0.0727336457761392,0.0665181091607608,0.4675375797009635,0.2747947611292196,0.130460137224111,309.19186
0.1500133582687683,0.5757575757575758,0.2715491443431527,0.0481873719734228,0.0568123602831594,0.0544577721226246,0.3855404018184471,0.2339298846766171,0.1143786864537138,422.34204000000005
0.158829815655891,0.4545454545454545,0.2260740407524613,0.05501407562289,0.0665663422131149,0.0658852261879673,0.3464859216893973,0.2571416070317364,0.1351788582935491,186.65192
0.434410900347315,0.7575757575757576,0.2926017044546521,0.0552439152902848,0.0618655987425823,0.063151364251561,0.4086825709947074,0.2579596083570654,0.1265511171233863,632.0676900000001
0.5307240181672455,0.5454545454545454,0.255703711647246,0.0491107439442313,0.0700679955290611,0.0597630181826162,0.5690617125944873,0.3550682749111519,0.1604559885664933,252.68874
0.0199038204648677,0.5757575757575758,0.2227991090904596,0.0651800628438598,0.092597336065574,0.0833095719226909,0.3735885027130091,0.2538558983020732,0.1555373829510082,227.48741
0.1065989847715736,0.5151515151515151,0.2274139912629029,0.066231354180051,0.0755763319672133,0.074941422957242,0.3217040621792036,0.1983342963818992,0.0997611344014945,181.39232
0.2077210793481164,0.696969696969697,0.2906225051103348,0.0614147799266058,0.0714120807269202,0.0723428924890233,0.3966543751591904,0.2459231756273088,0.1261259609870431,606.81378
0.2332353726956986,0.7878787878787878,0.3086354996882095,0.0489428681563853,0.0502801613729509,0.0521707598279261,0.4013500879894413,0.2006334590852523,0.0951757391419584,549.03271
0.0822869356131445,0.3939393939393939,0.1426884521926478,0.048588774119968,0.0545012108792844,0.0535336129102789,0.3826207521764056,0.2394531029020782,0.118671743895175,76.3576
0.1098049692759818,0.6363636363636364,0.2594706142255149,0.0401249231442319,0.0443600968703431,0.0409920961846877,0.392608886933568,0.1532863527263034,0.0643764679332703,335.1264
0.0813518567993588,0.7454545454545455,0.1986030532836186,0.0465238134174808,0.0646467603434817,0.0592825057573458,0.5914985439842453,0.3250130170300835,0.1459605947951953,214.31297
0.0312583489179802,0.5454545454545454,0.2216309828172281,0.0363886974500346,0.040266393442623,0.0427953336721915,0.3930195043261462,0.2404880433816325,0.1127936931724517,248.37045
0.0817526048624098,0.6060606060606061,0.3041282035123172,0.0313241908334549,0.0350974406155904,0.0377989858031157,0.2646686479255125,0.0857423154166992,0.0481557162798343,538.59509
0.2204114346780657,0.696969696969697,0.2806009913927721,0.0382688735997381,0.0596892076502737,0.0495493596816382,0.6001036320086055,0.3248422081962862,0.1482401843693328,267.70935
0.2126636387924125,0.4484848484848485,0.3920118616172508,0.044154236120034,0.0749686930783242,0.0619945534714385,0.7248423522510645,0.4157739947254555,0.1830634917043494,369.5864
0.2596847448570665,0.503030303030303,0.2359293010287519,0.0479197705423921,0.0860725596125189,0.0773859367762401,0.5858336999560052,0.4697713029036925,0.2301396139891959,215.04422
0.2798557306973016,0.5151515151515151,0.4208532648868205,0.0615957593800217,0.0812241945653501,0.0750498605093169,0.5319409313562253,0.3496017953181197,0.1679060327180507,234.77975
0.2731765963131178,0.5151515151515151,0.2625335074671297,0.0377128864955784,0.0592361200051231,0.0586932670493288,0.5252293683091376,0.3770087723075372,0.178579509275031,247.32373
0.1453379641998397,0.5454545454545454,0.1837474813909302,0.0230256164655587,0.0383196721311479,0.0305964320692261,0.3241531016278047,0.2000122233087394,0.0961345146244574,175.50432
0.2632914774245258,0.5454545454545454,0.2412356582469889,0.0420380334789233,0.0688082813433336,0.0522009875545086,0.6996656757464408,0.4303702389380205,0.1898202423601262,236.96536
0.1838097782527384,0.5757575757575758,0.3223934506937556,0.0383370907264419,0.0548539959016392,0.0560170090376007,0.3904238158087682,0.2755203240288045,0.1401290973207614,204.83553
0.2150681271707187,0.3939393939393939,0.2629990171026917,0.0490334351444628,0.0712629421915445,0.0598734162873985,0.5414150301963748,0.3718775533901791,0.1806767998328982,333.95917000000003
0.3784397542078547,0.6666666666666666,0.2750505636775052,0.0389520089469173,0.0529373516430531,0.0498975599448082,0.2841113365038714,0.2181189358611645,0.1216822331244522,412.29916
0.1655089500400748,0.5454545454545454,0.255703711647246,0.040669956262943,0.073820390674899,0.0521650844599408,0.5742025242685175,0.3546743837547447,0.1624259204120792,202.15099
0.1835426128773711,0.696969696969697,0.2806009913927721,0.0293764390889331,0.0458428315064509,0.0313467229096265,0.410259881240286,0.2259402019166989,0.0988412538796224,535.4187
0.0687950841570932,0.696969696969697,0.2306676842653913,0.0389211414687709,0.0750512295081971,0.0618623160556888,0.5634257222466651,0.3285847630900522,0.1443536891644224,243.05492
0.4125033395671921,0.696969696969697,0.2906225051103348,0.045696130079781,0.0644540398126461,0.0557628652542061,0.4706387614438627,0.2725337490316615,0.1269219953519788,441.31912
0.1568260753406358,0.4727272727272727,0.2230367383546863,0.0178254745719674,0.0267296699741158,0.0184706090381226,0.3728645194155653,0.2046760881668995,0.0845085086406538,133.23854
0.2539406892866684,0.7393939393939394,0.2751299475196205,0.0415454761376333,0.0659046277322407,0.0542827704289591,0.540440517508271,0.2983274439209405,0.1385436632738481,324.04514
1.0,0.6545454545454545,0.3500562824477102,0.0479214412814849,0.064632855191257,0.0563380980127197,0.5380124162878221,0.3290414703529184,0.1469382214048141,273.76917000000003
0.0792145337964199,0.4969696969696969,0.377346915398063,0.0441332102933102,0.036750768442623,0.0440350594448509,0.6637483501979762,0.3535064227931376,0.1384369979862884,401.05215
0.2017098584023511,0.4969696969696969,0.2820662848118168,0.0526171313763739,0.0597395528395782,0.0663474667974877,0.3548468826597933,0.3828376014375871,0.1960580711683723,233.006
0.4811648410366017,0.5757575757575758,0.2496026455709909,0.0486502658426015,0.0674343472550127,0.0584431372867541,0.5119530889558953,0.3353705815094318,0.1512916206473598,283.05997
0.1940956452043815,0.5454545454545454,0.255703711647246,0.0541234513363608,0.0694353887232988,0.0671781098990599,0.4598137112435415,0.4343062817704995,0.2128134100892427,202.15099
0.1947635586427999,0.3939393939393939,0.1898121632062158,0.0493891278505045,0.0626428515132412,0.0716561496596952,0.4669842183040608,0.3987085176802026,0.201381079268718,104.60509
0.1605663905957788,0.5454545454545454,0.2412356582469889,0.0415710631225351,0.0478286921838405,0.0566643229946105,0.3065764251146987,0.3935215868394633,0.2057254786431614,213.26646
0.2878706919583222,0.4242424242424242,0.2052324745371103,0.0504342417269212,0.0759864348531426,0.0779942476724152,0.3965818546218919,0.362107708185174,0.1893359358586069,114.05259
0.5351322468608068,0.6545454545454545,0.2364576562059885,0.0392152998948199,0.0604463649322877,0.0573486362207987,0.4481570037682445,0.3434827057091085,0.1662831728692973,239.86746
0.1597648944696767,0.4545454545454545,0.3761723478920282,0.0294595194430493,0.0478995901639342,0.0443064216417553,0.4424035782372769,0.2828631063501964,0.1288926096039697,384.19977
0.0730697301629708,0.5151515151515151,0.3551441600127571,0.0481102064814059,0.0483976548269578,0.0502502179851154,0.5623991787652135,0.3430490117640106,0.1509152204900781,375.10345
0.1281057974886454,0.7454545454545455,0.2056248674759872,0.0493846277265396,0.0710396626473382,0.0705352736305311,0.4701326749880907,0.3116971278989741,0.1524039398679179,211.4529
0.5020037403152551,0.6303030303030303,0.3022014044672909,0.042359964849131,0.0603329055997793,0.0559575260413933,0.39695505770077,0.2204991672336667,0.1059039920416256,379.57065
0.3024312049158429,0.7090909090909091,0.2919260713598069,0.0468287212793047,0.0710185631629704,0.0744623054086319,0.408156103620506,0.2290497717444158,0.1196768555149278,309.79889
0.2702377771840769,0.5757575757575758,0.2403382378388654,0.0203743598386686,0.0247780054644805,0.0233847701459864,0.3327202005600616,0.1822860444737949,0.0783412670450898,123.40633
0.223617419182474,0.5757575757575758,0.2784447451900529,0.0397545818780735,0.0554095158811476,0.049409270669328,0.4606274747030356,0.2596574556627258,0.1159427433665502,290.31342
0.1745925728025648,0.3636363636363636,0.229220844107891,0.020423824106049,0.0362543140638482,0.0285554519550805,0.503151411304329,0.2734085135052935,0.1170072272111824,116.95156
0.1593641464066257,0.6363636363636364,0.2490918732184333,0.0472029809949888,0.0734631147540985,0.0713896086185737,0.4970303563572371,0.2760120344030583,0.144458738311262,323.68417
0.1839433609404221,0.7393939393939394,0.2751299475196205,0.0322442733824715,0.0506190232240436,0.048655104157627,0.4272449528278839,0.2152413547870902,0.1001716341445284,432.06021
0.0535666577611541,0.0969696969696969,0.3610619120851803,0.0121949794998189,0.0468750000000001,0.0323568426664022,0.7427775333626618,0.3581151657925169,0.1479738443785777,27.99838
0.0609137055837563,0.2242424242424242,0.3276942371160546,0.0116342907871833,0.0164894979508194,0.0161474281888844,0.1739807889719886,0.0151263445639612,0.0119271185180635,85.88789
0.0724018167245525,0.7878787878787878,0.2583416576112218,0.0128257543015337,0.1093109631147543,0.047605469670109,0.7823361196656401,0.4727920259578635,0.2296212735835329,262.13275
0.0460860272508682,0.2545454545454545,0.2374428166501341,0.0268079290728778,0.0651255122950821,0.0351462256548852,0.6986911570611527,0.3656575028891461,0.1459132649598063,119.67278
0.0472882714400213,0.4606060606060606,0.2801723882802988,0.0315219194243595,0.0139241803278688,0.0347222394406358,0.1219533655961284,0.0875077784691973,0.0596860161808009,290.74051000000003
0.1152818594710125,0.6363636363636364,0.2292382528451969,0.2898015979628307,0.2870013127561482,0.2616208794614638,0.6961339639243291,0.4159588491199222,0.2409574906506253,277.86469
0.2327010419449639,0.6787878787878788,0.179671051463361,0.2300331456158254,0.2167427934288479,0.2070144100931604,0.4472950640881082,0.2483477056037095,0.1605324800689781,221.8015
0.3934010152284264,0.6848484848484848,0.2187153674932219,0.2321304276596217,0.2236135745281727,0.2138870747336913,0.4559673847541662,0.262409879944512,0.1711077444078062,302.27884
0.2851990382046487,0.696969696969697,0.2405151106098942,0.2879697228095174,0.254869364754099,0.2573536813656825,0.2688719753629565,0.2155431593919462,0.1773374404856176,469.59323
0.0861608335559711,0.6787878787878788,0.134156081864239,0.291240406966557,0.2821550546448096,0.2747397608982237,0.5363836339639243,0.3495421815272461,0.2243074028941845,146.09547
0.284664707453914,0.6727272727272727,0.2550557584447173,0.1724344156361921,0.1655063130027499,0.1627690638060678,0.3278335378222526,0.1826994697665328,0.124311135075054,448.29669
0.0873630777451242,0.6787878787878788,0.1665046493514723,0.2574708054272119,0.2580570044709396,0.24786626289174,0.5580080390353145,0.3725160670847519,0.2365038292250544,166.8605
0.0782794549826342,0.6909090909090909,0.2450803778810154,0.2093549354234561,0.2069529826958112,0.191634054991481,0.4167929478092257,0.2557912555190109,0.1695439358629166,315.89462000000003
0.0699973283462463,0.6787878787878788,0.2330547703247878,0.2456217053280443,0.2322160421545672,0.2311734358645585,0.4396224833972283,0.3249931739964184,0.2167521759026023,295.51611
0.0100187015762757,0.6787878787878788,0.1606032614921168,0.1738835870060389,0.1944159836065578,0.1746153750790329,0.2387813462384513,0.2136439905769404,0.152531361210683,137.28523
0.1500133582687683,0.6848484848484848,0.245908163339915,0.1446877247552407,0.1280115632318502,0.1330243464431383,0.3625919175413243,0.2044110270119229,0.1215250088541423,343.98807
0.2050494255944429,0.6848484848484848,0.2987758872275924,0.1575254938149025,0.1358094262295082,0.1394567521664208,0.5009898812142543,0.2662570006222794,0.1480514191331665,351.33307
0.0510285866951643,0.6909090909090909,0.1543021690242159,0.1527075758056147,0.1316012880562065,0.139245998785069,0.4950285965684117,0.2916973572254059,0.1629956414993533,206.87019
0.5523644135720011,0.7212121212121212,0.2411641083366613,0.1960289628223769,0.1957991803278693,0.1880847260933714,0.4463857380592608,0.2747236952463422,0.1711939921163247,376.37573
0.1195565054768902,0.6787878787878788,0.2023584660952655,0.1220644813257741,0.1175600782414314,0.1173456794993315,0.3230812302523712,0.1665981420570721,0.1046465808779993,320.33102
0.3063051028586695,0.696969696969697,0.2038806860853007,0.1688752467290815,0.179185493392671,0.1691473602271868,0.4625380688389396,0.275219754836933,0.1709663784620674,235.68623
0.141063318193962,0.4969696969696969,0.2590522822680521,0.1126263426909388,0.1086870608899298,0.1250918725349387,0.2772798692728289,0.1745917097392786,0.1135029480715517,324.97821
0.056505476890195,0.696969696969697,0.2038806860853007,0.1596093868635307,0.1680327868852465,0.1633958568364684,0.5270078701666914,0.3064161258778573,0.17900374621419,282.82349
0.1878172588832487,0.696969696969697,0.2906225051103348,0.1070484142123802,0.121696353509878,0.12273285149325,0.534069586863251,0.3389232889077299,0.1863832933815057,386.14871
0.1017900080149612,0.5757575757575758,0.1935221392134941,0.12186969661067,0.1248353337236537,0.1289757562769974,0.4231035132926924,0.3312496825114636,0.1945325497667442,174.91263999999998
0.2948169917178733,0.7151515151515152,0.3233188991689417,0.1152600777955585,0.1137503201844262,0.125004648971648,0.3213585203108973,0.215042031513911,0.1404563658166839,650.1231700000001
0.121693828479829,0.6787878787878788,0.2731838247761846,0.1821914841807607,0.1953420554854985,0.2096471645087498,0.3986485724277211,0.3845405916423342,0.2859748573258531,310.15179
0.2318995458188618,0.696969696969697,0.3006438447405245,0.1462871894310176,0.1596529601050209,0.1590296976308844,0.414028129124505,0.3433430193795008,0.2163873537796678,624.5755
0.261955650547689,0.5151515151515151,0.2536042179281443,0.1082679891800428,0.1200108405298596,0.1298723436661526,0.390421720822072,0.3635434756899023,0.2226057798733216,369.02985
0.1847448570665242,0.503030303030303,0.2068979684351738,0.0829211881928297,0.0941598360655737,0.0890742967655556,0.6809673950237087,0.4146062983376311,0.1891304839695,186.04947
0.2145337964199839,0.6363636363636364,0.3541652667140416,0.0703536905104495,0.0751385525335321,0.0755500156092748,0.5970950152648352,0.3525843711360203,0.158472882187161,276.64713
0.0629174458990114,0.5212121212121212,0.2464246805757835,0.0700300202081559,0.0914446721311477,0.0791936823574629,0.6050153981522216,0.4065028002489098,0.1942471854909347,209.78542
0.1339834357467272,0.5212121212121212,0.1750958612119754,0.0744754807154788,0.0851214871194384,0.0734413547723243,0.4402907841535196,0.3430543032396539,0.1650735367115597,159.89798000000002
0.1775313919316056,0.7393939393939394,0.3144341759974597,0.1034349371965743,0.1000748738965952,0.10048573409408,0.4169620799350244,0.283094875527396,0.1608725121067582,544.5567
0.0351322468608068,0.6787878787878788,0.161886807693687,0.1307339181628094,0.1586407103825137,0.1336424382926502,0.6416385589284821,0.377978042492667,0.2009186143855915,198.69633
0.1870157627571466,0.6787878787878788,0.242830124496844,0.11052225817379,0.1242571721311478,0.1191531433246968,0.3934997800263969,0.2027305204907105,0.1187790703312117,514.38104
0.2164039540475554,0.6909090909090909,0.2613700815529707,0.0881077711667955,0.0800795803837555,0.0840111440076731,0.2019032716074085,0.1129446986196752,0.0767042424281605,401.60593
0.0732033128506545,0.6363636363636364,0.2698495293199694,0.3703699377401905,0.3539959016393453,0.3635185896879617,0.2754130615437262,0.3072495332918463,0.3105656815750253,544.50873
0.0772107934811648,0.0909090909090909,0.4267795472405237,0.1729724678480067,0.1562500000000001,0.1405849026195409,0.5920222906584557,0.3430304915992537,0.1935490126996333,48.17868
0.3013625434143734,0.6303030303030303,0.2510366032628848,0.0464232732539805,0.0332324752390712,0.0438449681597095,0.3077965366378267,0.1833704662636679,0.0889443045584862,150.12523000000002
0.1558909965268501,0.3939393939393939,0.1898121632062158,0.0720824807077422,0.0789710630899159,0.0782079125309603,0.379261155328029,0.3344994302523845,0.1723805076973843,104.60509
0.0402083889927865,0.6363636363636364,0.1853080006030386,0.0534055998785173,0.0709528688524589,0.0662013562599954,0.3095028596568411,0.1846830829407044,0.1040471395925387,268.30505
0.1088698904621961,0.6363636363636364,0.2594706142255149,0.0706025128936888,0.0766150776531495,0.0684981113756588,0.4042188621575937,0.2719364528308958,0.1338981093024885,335.1264
0.1295752070531659,0.6060606060606061,0.2544417522799353,0.0824976983091198,0.087538422131148,0.0801257307338164,0.4105040728445931,0.211056639378047,0.107586487770663,366.48895
0.2870691958322202,0.6787878787878788,0.2934197410206603,0.0727464197893712,0.0780506634758685,0.0696526487781462,0.4207910435363131,0.2096917161867362,0.105439280948931,384.52539
0.0179000801496126,0.0848484848484848,0.2204748685727377,0.0811129670945807,0.0782957650273227,0.0692593464992211,0.5148848804810076,0.1651257889590186,0.0616072842694557,28.85578
0.2078546620358001,0.6424242424242425,0.3683239668523715,0.077092427992573,0.075403821265016,0.0815809826267242,0.3206306741166784,0.2347232934425508,0.131146875091153,333.57928
0.1783328880577077,0.6666666666666666,0.2750505636775052,0.0680302304664229,0.0735221063089919,0.0713142858860225,0.383691734769604,0.2140695334534788,0.1038708333321086,412.29916
0.0892332353726957,0.7151515151515152,0.2475774871601858,0.0555754651964162,0.0492110655737706,0.0527428932720085,0.301399032116146,0.1450262245532939,0.0732150533811277,328.30139
0.1697835960459524,0.696969696969697,0.2104507435445791,0.0647595463093833,0.0673302107728341,0.0681435933038279,0.3587315553879587,0.2315920145282772,0.1166715073929198,293.40164
0.0256478760352658,0.9575757575757576,0.3420653238495175,0.067808291184338,0.0597464139344263,0.0637838910033102,0.2953145622525297,0.12319845097342,0.0657688466250133,562.5933200000001
0.1764627304301362,0.6666666666666666,0.2648634928681626,0.0579899810266945,0.0469607636855971,0.0517862234587998,0.1933214442838275,0.1406196423809103,0.0774336308725357,349.35428
0.1468073737643601,0.5757575757575758,0.2715491443431527,0.0755377855799537,0.0846704844847778,0.0737769662493516,0.5144606456749012,0.2770960593322599,0.1262148183480915,328.48721
0.1800694629975955,0.4,0.2462063750099665,0.0796037799764042,0.0869748975409835,0.0860431672514042,0.4066065405484689,0.3595402924704438,0.1800170664460094,288.55191
0.2594175794816992,0.4,0.2279768157400054,0.0489621418308824,0.0596407530737706,0.0584282756654229,0.3798834139903211,0.2613023935460916,0.1309995183900652,114.03112
0.0347314987977558,0.5151515151515151,0.1389751685252815,0.0637783410622711,0.0718493852459018,0.0754992995549386,0.0651855110720061,0.1170937416659261,0.0891139993341499,160.70796
0.0665241784664707,0.5575757575757576,0.233285087919346,0.0360172411779134,0.0383452868852459,0.0344023901912897,0.3170809502859656,0.1765406925060007,0.0847649646550023,197.75937
0.2526048624098317,0.503030303030303,0.2213440868264254,0.0737835196455203,0.0807690118397084,0.0799099683594437,0.6690928940379014,0.3964278306219841,0.1778659831468839,200.42844
0.0641196900881645,0.1939393939393939,0.368147964518208,0.073842703454076,0.090434718969555,0.0809080459973687,0.7411853434730705,0.4188372299759983,0.1852706781742041,169.6497
0.0838899278653486,0.5151515151515151,0.3551441600127571,0.095310072539102,0.1124423668032789,0.1092694296021722,0.4767487901451826,0.4222125300026673,0.2445010811981415,112.53103
0.0141597648944696,0.6363636363636364,0.1782616400910686,0.0684040229415128,0.0804303278688529,0.0906239539813793,0.2196069804956751,0.1824328829229265,0.1188833114076909,202.07323
0.1297087897408496,0.5757575757575758,0.3379023724975375,0.0901069891105988,0.0886388713745274,0.0882570313908103,0.6015025889200969,0.3320602857006104,0.1480723046440171,290.6297
0.2878706919583222,0.696969696969697,0.2605579639576466,0.0831839590061639,0.0842486891882922,0.0799758639947551,0.5261715152886098,0.2910359913233857,0.1330760367513274,502.69479
0.1453379641998397,0.3939393939393939,0.1426884521926478,0.0970997837215169,0.1095983081126529,0.102407706389706,0.6990573097040341,0.4892101520135112,0.2349172424064379,66.81195
0.3268768367619556,0.4424242424242424,0.1916548780500543,0.0834601639602212,0.0880714350289297,0.0865036889134244,0.5282267108339155,0.3638142017852592,0.1738715487552573,120.33629
0.4519102324338765,0.6484848484848484,0.2823618851712724,0.0760193011541915,0.0783905532034435,0.0809888416941658,0.3759163098714561,0.2476688938377559,0.1313864248523463,334.41129
0.2618220678600054,0.6363636363636364,0.2594706142255149,0.0611433396963781,0.0666435631629699,0.0719749362869508,0.3250408830492169,0.2533278401590866,0.1353679467578599,335.1264
0.1846112743788405,0.5454545454545454,0.256846769338757,0.0581160918151321,0.0592960032373603,0.0620571301056775,0.384467645395156,0.2489780137319387,0.1256605092429529,302.2789
0.2015762757146673,0.6787878787878788,0.2529480826190818,0.0705766917029753,0.0694998414324745,0.070851803771482,0.4041360274862252,0.2534838414208255,0.1240907476867249,435.72968
0.3080416777985573,0.696969696969697,0.2705794776752094,0.0561089204572952,0.0794569672131149,0.0764237807739786,0.569744202124316,0.3869772551210884,0.1864675458164344,363.36615
0.172855997862677,0.696969696969697,0.2579994018357862,0.0604571186369164,0.0776388424222148,0.072541668068738,0.5014260873729168,0.420935375661512,0.2016943619314816,305.56793
0.2930804167779856,0.6363636363636364,0.3387425181599243,0.0686675466364519,0.0820619877049182,0.0757893953857408,0.6633538642029609,0.3989737976709062,0.1842458602555438,149.04336999999998
0.2393801763291477,0.6363636363636364,0.285095579190431,0.0875608872898875,0.0991682320127507,0.1070055525939883,0.3815421779016146,0.3426161029128537,0.2022815597266346,336.77411
0.3817793213999466,0.6666666666666666,0.2905486920641575,0.1030310484497887,0.1184490608836685,0.1128601262491651,0.5357333590557367,0.4048113843036807,0.2066599759016995,338.63385
0.2882714400213733,0.6666666666666666,0.2340338377108764,0.0542015776044911,0.0924463919789226,0.0699581681103568,0.8368673140175539,0.4696265660122161,0.2029012727339048,266.7561
0.0650547689019503,0.6727272727272727,0.2068302484470535,0.056489387798012,0.0802542264344264,0.0761811487299013,0.6803875201642456,0.4382889590185799,0.1933914389793745,234.14873
0.2628907293614747,0.9090909090909092,0.2154853503734696,0.0564193017089321,0.1051325563524592,0.0805408510304191,0.8498176052207086,0.4904272740910303,0.2228355027328937,285.60373
0.136120758749666,0.2303030303030303,0.2939209385676996,0.0527652054175169,0.0661915380906464,0.0624773172723217,0.4861876705514298,0.2229806048119307,0.1045814167013499,129.97628999999998
0.2766497461928934,0.6363636363636364,0.2283617229218406,0.0548886715849302,0.0725869529420373,0.0679148343814918,0.5567198007667664,0.3690930761305793,0.1697649046269183,176.0748
0.2761154154421587,0.6363636363636364,0.2957274432379416,0.0700160029903397,0.0900560828300258,0.0803896914844545,0.7012990020144964,0.473272331809612,0.2144865410352583,367.98514
0.0927063852524712,0.696969696969697,0.3261349365155576,0.0581889754581877,0.0798988217213117,0.0684142667641919,0.8265013198416189,0.4616097819806211,0.1989816697319464,395.46725
0.2447234838364948,0.7090909090909091,0.1764137026260384,0.0563419339482603,0.0670241643602299,0.0617480036792486,0.6120046546795338,0.350429417679842,0.1516838318301892,203.03154
0.2519369489714133,0.4121212121212121,0.2234730013115743,0.0616768123160401,0.0803484762110196,0.0774483721794728,0.5179468689321205,0.3529881436411746,0.1685727122489151,115.41524
0.2467272241517499,0.5757575757575758,0.2496026455709909,0.0638616012282457,0.0698993898681133,0.067619117839104,0.4530480402502065,0.2739717214629631,0.1310962316531874,231.59195
0.1196900881645738,0.6666666666666666,0.2852376344868479,0.0658996133584089,0.0686304644808744,0.0714743232130388,0.3628049078555038,0.190744732865146,0.1001425436115575,584.73096
0.639861074004809,0.5272727272727272,0.2888732751858295,0.0601227874092337,0.0800972111155537,0.075745672374344,0.4915352011417155,0.3546242050783929,0.176957475553506,230.16345
0.1250333956719209,0.6363636363636364,0.1981774096564873,0.0512918034318823,0.0790368852459015,0.0657054659509315,0.4947382314122305,0.4041492577117987,0.1956939546640203,193.61208
0.3494523109804969,0.5515151515151515,0.3287145632095584,0.0792104733353346,0.0964508498071362,0.0899931523382323,0.4772353199968941,0.3494854771404512,0.177311361678413,242.30876
0.0741383916644402,0.6363636363636364,0.2957274432379416,0.1068262182046945,0.1146488949063238,0.1079624044304258,0.5857425680346943,0.4089738532313988,0.1996476351474586,301.07541000000003
0.318060379374833,0.5151515151515151,0.3551441600127571,0.0636434385148703,0.0842470225255768,0.0723184242171946,0.6830875031838275,0.4312263011515795,0.192108703228857,337.58936
0.2416510820197702,0.5272727272727272,0.2305891708601413,0.0418608308185609,0.0758433496349364,0.0629259799329027,0.6755259957040431,0.4806855847503889,0.2159633905828319,240.77307
0.0777451242318995,0.5151515151515151,0.2331956070095933,0.0617901846577735,0.0865987788558045,0.0744290873062962,0.598256372500607,0.4174248595339991,0.186270442613448,173.61626
0.2415174993320865,0.4969696969696969,0.3610006333298632,0.0419715550601322,0.0608762075526933,0.0542070094095187,0.8328436301929479,0.4157095710094881,0.1741968819566195,302.58383
0.1012556772642265,0.696969696969697,0.2581404126079646,0.0340017655019578,0.0642276890264302,0.0483341248181211,0.7191834938990982,0.3758191204297537,0.1527510244188305,244.60159
0.0681271707186748,0.0909090909090909,1.0,0.0218668597927787,0.0799180327868854,0.0743835463595454,0.4861416630004399,0.3635323139834656,0.1406042426926195,20.89733
0.1860806839433609,0.8181818181818182,0.1967462373625623,0.0562007980194497,0.1158581353554838,0.0893517434157467,0.8109591554895776,0.4822193345290826,0.2276269386493791,247.11021
0.0790809511087363,0.6848484848484848,0.187453279301255,0.0392762443201064,0.0769339139344267,0.0567298513568802,0.6022363982988693,0.3188866788158967,0.140245459452645,407.69757
0.1981031258348918,0.5272727272727272,0.2162323592912694,0.0283030989732389,0.0502725125227685,0.0464242865033811,0.4826424532759789,0.2918685364625031,0.132932961405482,142.72939
0.1504141063318194,0.5272727272727272,0.2305891708601413,0.0371010269735867,0.0630472242921018,0.0559510781669641,0.5742377581356884,0.4246551713687693,0.191618459147929,196.99396
0.4267966871493455,0.509090909090909,0.3251008575195822,0.0382608432229382,0.0688755404431638,0.0546596455501411,0.5811380290042851,0.321776770877804,0.1399222668281006,398.74826
0.1330483569329415,0.5151515151515151,0.2021457313253863,0.0296464156805943,0.0527663934426233,0.0527709937228549,0.4203451141418565,0.2710032558449627,0.1294367103132405,164.49864
0.327544750200374,0.5757575757575758,0.2621492966347866,0.0356861874747916,0.0557196239151402,0.0554181728727095,0.475897314980154,0.3102781249400828,0.1472069697621338,259.65637000000004
0.3141864814320064,0.696969696969697,0.218788310102534,0.0372426694892788,0.0566014415911961,0.0540693825099318,0.5367827655553148,0.3522422661346118,0.160119989520175,251.8083
0.1545551696500133,0.4545454545454545,0.2182496837702868,0.0374789778542681,0.051827903292465,0.0524247733880261,0.5823126434911835,0.3765796922378165,0.1710295177645235,125.00854
0.1919583222014427,0.4969696969696969,0.2366806621308782,0.0427100938108448,0.0598424692622952,0.0550731862322585,0.5350828953157193,0.309070236067768,0.1379171960945189,192.01337
0.1680470211060646,0.4545454545454545,0.214020231041798,0.0369878109835357,0.0604167860827701,0.0538838571145822,0.235888616442952,0.1615807963038829,0.0939169887288538,178.35355
0.0499599251936949,0.3878787878787879,0.1912015545306065,0.042472169982128,0.0435450819672135,0.0462417713201843,0.0565332160140783,0.0311694372833139,0.0292844698573597,173.66702
0.1866150146940956,0.5515151515151515,0.2664516919725875,0.0525044930189245,0.063627049180328,0.068422236429873,0.4181918169819622,0.2351994780488412,0.1217327983753629,359.13028
0.0125567726422655,0.3454545454545454,0.0646135730353978,0.0681236785851954,0.1306352459016396,0.1004177875853863,0.2868455785305763,0.2355209351942397,0.1519495505512653,23.72826
0.0896339834357467,0.3757575757575757,0.2111812141619381,0.0424048873366117,0.0547131147540984,0.0558620433160186,0.5563484381874175,0.3167681571695265,0.1406507875453729,125.13068
0.0836227624899813,0.3333333333333333,0.3470961007562007,0.0561179315258909,0.0644723360655739,0.0731004301848432,0.6789155301363837,0.4295756845052899,0.2101597070260097,196.40575
0.0622495324605931,0.3151515151515151,0.1531488401776944,0.0075692976205772,0.0176741803278688,0.0,0.1913770347558293,0.1880167125966755,0.0742778275189977,107.60835
0.1391931605663905,0.1575757575757575,0.3185978236989318,0.0444112184466589,0.0535188268442621,0.0491654579340382,0.5067702986752703,0.2583910236465461,0.1132753031071921,97.29055
0.8016297087897408,0.5575757575757576,0.2212345858687708,0.04243256577941,0.0556287405672649,0.0555176750458355,0.4486199857075362,0.2676973402926824,0.1256458598553567,241.36983
0.6322468608068395,0.593939393939394,0.3179427329141077,0.0412828302886594,0.0561923668032788,0.054176016265202,0.4359437978553673,0.2557790490467861,0.1208630837904313,270.18988
0.2477958856532193,0.5151515151515151,0.3232973123346823,0.0362032388758551,0.0473439470365697,0.0452938579217049,0.4271300777240079,0.250829988306651,0.1182567460821642,198.75618
0.0837563451776649,0.5757575757575758,0.3070598348746449,0.0398649674683736,0.0425034153005464,0.0410266582365318,0.3182578090629125,0.1938505644946236,0.0936068705374312,96.02325
0.1436013892599519,0.6363636363636364,0.2387129581239787,0.0352698686098214,0.0413701564828617,0.0412220089643446,0.3004959404871403,0.1542046161679018,0.073727751986457,401.36356
0.0991183542612877,0.4242424242424242,0.1535499374852243,0.0487799179992757,0.0489668715846994,0.0485559260958145,0.0933421322774614,0.0679782647346429,0.0424075325086705,179.29082
0.3274111675126904,0.5757575757575758,0.3223934506937556,0.0445842237476291,0.0488739892556489,0.0554442222245303,0.3001440728013551,0.2240942438126642,0.1150989213527392,238.97136
0.1879508415709324,0.4848484848484848,0.1820527408141927,0.0491617027476819,0.0661113432916307,0.0667396582402287,0.5391697733114121,0.4031805751154491,0.1956427655331957,62.39615
0.5199038204648678,0.4666666666666667,0.1929786384348013,0.044660505045855,0.0601057738669243,0.0599181343439776,0.4608076050481787,0.3160653495997025,0.1535124536951914,96.10092
0.1377237510018701,0.3939393939393939,0.2010237382060157,0.0404705112780197,0.0549795081967217,0.0568885362557803,0.4211937234198549,0.284838652324653,0.1408292094809279,82.05443000000001
0.2226823403686882,0.5151515151515151,0.2187270313472169,0.0250119730402174,0.0401391201331968,0.0386213319613702,0.4348030319694983,0.2682972861476579,0.1167166727541296,141.54977
0.275180336628373,0.6363636363636364,0.3234902011440326,0.023981123480008,0.0308935280054647,0.0355718648368313,0.3314073422300438,0.2180416036981045,0.0992051819936061,280.46008
0.1016564253272775,0.4545454545454545,0.2016635093020106,0.0314406195610271,0.0441214139344266,0.0458450590729329,0.0841472356650549,0.0822739799093251,0.0509084326990518,218.26845
0.1373230029388191,0.6363636363636364,0.2737102649923175,0.0346038383814781,0.0481471994535523,0.0439358813830384,0.3034755829300484,0.1230220464041248,0.0563774528975785,481.40375
0.163371627037136,0.696969696969697,0.2806009913927721,0.0815067841665508,0.0942013075722097,0.0927669085312619,0.4075971200916191,0.2393863581524715,0.1241426950670303,428.33499000000006
0.0496927598183275,0.0909090909090909,1.0,0.7530049410692766,0.78483606557377,0.7697457322440271,0.8172752603020988,0.8453251400124465,0.6733488698327942,34.82888
0.5152284263959391,0.6424242424242425,0.268791948528631,0.0588705479505169,0.0825874022764843,0.0751266004833682,0.4268966715590762,0.2900551944486563,0.1469063766421106,495.86346
0.0427464600587763,0.5454545454545454,0.1867217641596576,0.0374259715684098,0.0640368852459015,0.0753753269776725,0.1011878574571051,0.1230942750466711,0.0740838906325253,269.29507
0.1180870959123697,0.5757575757575758,0.2784447451900529,0.0384144584871146,0.0427134341068771,0.0517013948202966,0.4419069711634624,0.3298604897635939,0.1479184338395855,290.31342
0.5454181138124499,0.6363636363636364,0.3855084796218543,0.0386979042961471,0.0477010419377222,0.049345021389205,0.4279883239408096,0.2778068808938236,0.1272831386704661,309.49219
0.1419983970077478,0.6363636363636364,0.2061802061960481,0.036925356646414,0.0515039519906328,0.0505542459722198,0.3055223849328554,0.1833139136177186,0.0947104637723588,260.58762
0.1492118621426663,0.5757575757575758,0.204591310742131,0.0344998773493437,0.0483158299180329,0.0444751620941451,0.2969277020090936,0.1948089830207115,0.090495799650267,242.22775
0.3888592038471814,0.6363636363636364,0.2391901316135358,0.0425205627579211,0.0535714285714288,0.0541184575686142,0.437881025705486,0.3007856650749926,0.1398077161946069,238.25143
0.0732033128506545,0.6424242424242425,0.2274394080193696,0.0417512844944538,0.0646040690866515,0.0592146160126525,0.5463751492678005,0.2964817110727284,0.1343913360081232,430.15155
0.0876302431204915,0.6424242424242425,0.2584539439668454,0.0429300657641131,0.0452185792349724,0.0521511308365256,0.3089407048931896,0.1915392479331476,0.0985845839568943,479.58624
0.1548223350253807,0.6424242424242425,0.2584539439668454,0.0254622761625529,0.0327740778688525,0.0368756431077446,0.3237644815955432,0.1960799293270515,0.0938703014748899,383.66901
0.1156826075340635,0.6545454545454545,0.2565092139223939,0.0322323193049398,0.0401785714285713,0.0343613343377794,0.3871135463744347,0.2355598996967111,0.1142414194366654,384.9455
0.3909965268501202,0.5272727272727272,0.3042441457027751,0.0393274991973728,0.0507055700447099,0.0518706272273586,0.3883519162885659,0.2644915238256888,0.1310729303579494,154.06493999999998
0.2011755276516163,0.4969696969696969,0.377346915398063,0.043530101053074,0.0563147109577224,0.0661987463110003,0.3538688339855346,0.2754788729758415,0.1486516027607761,240.6313
0.1162169382847983,0.4727272727272727,0.1990936315009012,0.0395285542407924,0.0490650614754099,0.0526449549359682,0.4516937967443906,0.3315482209529739,0.1588585521318509,151.13905
0.0781458722949505,0.5151515151515151,0.2040255267796865,0.0437337195855575,0.0499487704918034,0.0513246469880863,0.3466783985921689,0.1880167125966755,0.0958048219174539,165.76721
0.3872562115949773,0.6484848484848484,0.2598151331368003,0.036188514058101,0.0428046554815574,0.0508655610378985,0.3678600234638496,0.2326183334351945,0.119280275972189,264.45175
0.4169115682607534,0.6303030303030303,0.270939142187951,0.0374060983862512,0.0499589389197065,0.0517267962179317,0.3207082068866301,0.1956005625200737,0.0996817265950484,444.71329
0.1908896606999732,0.6484848484848484,0.2883630250953912,0.0332054837588254,0.0470741106391453,0.0414319364702281,0.438499120996168,0.2473823134256114,0.1113252690223262,370.31708
0.1445364680737376,0.509090909090909,0.2785718289723866,0.0323258607784763,0.0376783180958384,0.0399811561682556,0.3294584137083018,0.1743872959647699,0.0816175927608831,440.21622
0.019369489714133,0.5151515151515151,0.1344368847969845,0.0698057447231014,0.1060450819672133,0.1033931294397681,0.3170552866989308,0.2776913503422513,0.1479738443785777,117.25494
0.2973550627838632,0.6363636363636364,0.2802282703270509,0.0336190601180609,0.044097305930569,0.0442691488407471,0.3259517093242939,0.1845605230268847,0.0881300548366053,511.16418
0.1423991450707988,0.4545454545454545,0.2554404915391796,0.0358840776086628,0.0480459601873541,0.0484980722264236,0.3507929524647514,0.1999320574527255,0.0997722165092931,265.58325
0.4553833823136522,0.5878787878787879,0.2903295160614751,0.0376939930958781,0.0564636439380293,0.0531014737342297,0.4376000154706729,0.2658690998418401,0.1267119148180887,402.61221
0.2662302965535666,0.5454545454545454,0.236226294087192,0.0321006067158376,0.072524194103871,0.0495650698200016,0.6653388148044083,0.3660262331441588,0.1557997681503535,231.54359
0.0506278386321132,0.3333333333333333,0.3297538648267256,0.0273936485316133,0.0476653981264635,0.0388919685251335,0.5237634341021952,0.28791130640184,0.1252111949605959,131.09389
0.0487576810045418,0.5757575757575758,0.1936455671609935,0.0385473489936802,0.062784608378871,0.0526607958763965,0.5439947206335239,0.3125555604942687,0.1462715094862072,231.42148
0.0304568527918781,0.4545454545454545,0.2096642167930947,0.0390800032706843,0.0596311475409837,0.0441838265375699,0.4638216747323669,0.2746244110587611,0.1286189431086141,225.43187000000003
0.0160299225220411,0.696969696969697,0.2455209930222299,0.0664416124472893,0.0530225409836066,0.0542999888424681,0.3620765508139023,0.3085274246599701,0.1184954376347455,356.26175
0.0427464600587763,0.696969696969697,0.159588680281924,0.0374259715684098,0.0695440573770493,0.0627301240965497,0.5504472796597755,0.3488643434972018,0.1737674502794303,166.11194
0.028853860539674,0.2242424242424242,0.3276942371160546,0.0353233888960272,0.0222848360655738,0.037811636066102,0.2615486141663,0.0358365188016714,0.0,122.69873
0.0499599251936949,0.696969696969697,0.2806009913927721,0.0360382670046373,0.0584016393442624,0.0455227303720418,0.5262648482182137,0.2870255133789673,0.1359206668843067,428.33499000000006
0.0387389794282661,0.303030303030303,0.3145447214793527,0.0223474501178951,0.0242974238875881,0.0362354132980073,0.2529905935097315,0.1457272392466631,0.0908178734081587,163.34637
0.1605663905957788,0.4363636363636363,0.2014779321623288,0.041117172259926,0.0558294911202188,0.0591727998655588,0.406156816737545,0.2626020461078037,0.1394244599665778,115.9448
0.0817526048624098,0.1696969696969697,0.3605528806063532,0.0374427922297889,0.0475589139344263,0.0461921822892777,0.423919929608447,0.2643584985332033,0.1209274061911117,119.40618
0.141063318193962,0.2242424242424242,0.3544593002871397,0.0312116716700345,0.0554666154371589,0.0440205959775035,0.6251344283130489,0.3473364299048803,0.1514889504458927,201.33607
0.0475554368153887,0.7575757575757576,0.229063991384764,0.049831209335467,0.0865778688524595,0.100789705317184,0.0893826074204443,0.3295709618632755,0.2310758002320773,349.24341
0.0506278386321132,0.4666666666666667,0.1723940251820866,0.0513380602506748,0.0600665983606561,0.0637219047146775,0.3497213667693223,0.2675446150768977,0.1375739788414856,65.637
0.0988511888859203,0.1515151515151515,0.3486332922603191,0.0389786480034001,0.056224385245902,0.0508859747916066,0.4258970974765067,0.2582665467699699,0.113900625247549,92.44769
0.1363879241250334,0.4545454545454545,0.2096642167930947,0.0389578532297174,0.0557395345433254,0.0485817537160781,0.4826456539500967,0.2784354641047469,0.1262200130861222,150.28958
0.0792145337964199,0.4666666666666667,0.2121771680232135,0.0369879335116637,0.0443255315061479,0.0455870411464982,0.3956156511218653,0.243857613732332,0.1111167451572339,207.95245
0.1003205984504408,0.1696969696969697,0.3605528806063532,0.0336413227581211,0.0396004098360653,0.0446714520081495,0.3859265776995645,0.2452051293448326,0.1121860242615046,131.3468
0.2419182473951376,0.4363636363636363,0.3011446941128176,0.036212207934807,0.0473261689642324,0.0464784462404194,0.4512458504979412,0.2721510851469639,0.1226584692091398,224.32019
0.1007213465134918,0.5151515151515151,0.2274139912629029,0.0321394779921338,0.0400825161007024,0.0446699761441338,0.327776381119978,0.2105365715047667,0.1063189716912175,211.62135
0.1371894202511354,0.4666666666666667,0.2450248440090094,0.0424444436172174,0.0558725342280669,0.0588120457205416,0.4378344928278925,0.2591686416081927,0.1281784293236263,331.28796
0.3306171520170985,0.6484848484848484,0.2471683818334951,0.0502827112987995,0.0718048964624679,0.0732286439292264,0.4398754254752574,0.3026255842624598,0.1538389041136905,371.19333
0.2588832487309644,0.5151515151515151,0.2773941278936367,0.0500291717976035,0.0635133556226636,0.0690962246870291,0.3891075760967179,0.3007299479251971,0.1609046713441744,262.80963
0.5236441357200108,0.6666666666666666,0.3157986728275027,0.0435145998587808,0.0591210115570629,0.0574159279492284,0.3927054168569995,0.2732816352513566,0.1348061985349739,579.66986
0.2323002938819129,0.6363636363636364,0.3541652667140416,0.0386833160064946,0.0543865266393443,0.0501307910690156,0.475169379674439,0.2924484954218156,0.1340559637208729,355.69028
0.1223617419182474,0.6666666666666666,0.2784640688884626,0.0352993593797718,0.0351178278688525,0.0360335151007454,0.2930174093394501,0.1431055776386472,0.0646696400577561,413.66782
0.2721079348116484,0.5454545454545454,0.2791813088654691,0.0378937039944765,0.0479616048317513,0.0466110791029868,0.4027091485863793,0.2370859865906194,0.1068796388554931,370.8707
0.0395404755543681,0.4545454545454545,0.2285520004205951,0.0388837622212614,0.0547131147540984,0.0593332754794643,0.1886053673559172,0.1648479864876881,0.0886291571179687,242.16302
0.0396740582420518,0.7090909090909091,0.2563574097330857,0.0485930217617308,0.0820099043715847,0.0635152837525675,0.6784474751918655,0.4682082851809039,0.2043125098988615,275.95175
0.1803366283729628,0.2727272727272727,0.2813499152716755,0.0381518632053036,0.0681672643442622,0.0579926006081744,0.5388515282927936,0.323671627954229,0.141102937543549,111.39704
0.2467272241517499,0.6363636363636364,0.2623435781431214,0.0411019869406251,0.0747342469262299,0.0617817338804655,0.5979120838832688,0.3665513323406529,0.1658790674221585,263.81281
0.0842906759283996,0.4969696969696969,0.2110738022527602,0.0440327535656301,0.0807889344262294,0.0679865613726245,0.6214792002737439,0.3659769757311771,0.1748017803406176,150.42955
0.0766764627304301,0.7393939393939394,0.3242603636824493,0.0357906294898904,0.0715363160291444,0.0602093483588095,0.4475159277183017,0.2451421607846622,0.1157156755953051,496.89902
0.2440555703980764,0.5454545454545454,0.2527513638875242,0.0404589278189015,0.0798504773914612,0.0680377852067472,0.5682296878953279,0.3528628674197154,0.1692536225261454,123.36276
0.0969810312583489,0.2545454545454545,0.2571883287647004,0.0419675501407561,0.1013575819672133,0.0727843001128152,0.8109766827980642,0.4497149746644151,0.186945461715242,101.03801
0.1632380443494523,0.5454545454545454,0.2527513638875242,0.0303409051087452,0.0670407973174366,0.0524065894805884,0.6621005479342499,0.3783593895214956,0.1608089401378537,158.60977
0.0848250066791343,0.5454545454545454,0.3147940145975744,0.0331092406124574,0.0769854048176651,0.0545580542073889,0.6448099697424063,0.3773702787186554,0.1666076170625139,260.66217
0.2073203312850654,0.6363636363636364,0.2683676976004841,0.040075990311129,0.0845175111773478,0.065333097409762,0.6652993640763087,0.4051305570596175,0.1814071531563664,270.50241
0.0721346513491851,0.6363636363636364,0.3541652667140416,0.0371456272120924,0.0588627049180329,0.046812045175607,0.6080363689690584,0.3421137434438637,0.1484198992174642,276.64713
0.0597114613946032,0.4242424242424242,0.1959200186900203,0.0363045941431394,0.0653176229508198,0.0468616342065136,0.3178618565772107,0.2746077429104829,0.1330407041201889,132.556
0.1601656425327277,0.5757575757575758,0.2824111518978482,0.0366639446362369,0.0494225037257828,0.0466768023640443,0.4015518137823448,0.2188467257695659,0.0956003066553556,436.67636
0.1842105263157895,0.3939393939393939,0.2010237382060157,0.0357439054305037,0.0606798000496769,0.0608367247346708,0.3785456856288341,0.2986073509564508,0.1557371967128282,184.62041
0.0878974084958589,0.0606060606060606,0.237905018625608,0.0552745622539683,0.1177211407103824,0.0987028335998742,0.6361758811164893,0.4804038136723259,0.2504694888793349,2.3863
0.0689286668447769,0.103030303030303,0.2417704546570287,0.0633140207221202,0.1467004994877052,0.1198969787882923,0.7194786625604928,0.4973567094852882,0.2704389276583084,6.03391
0.103526582954849,0.6363636363636364,0.2010016291096371,0.0558566105366093,0.0944196428571434,0.0941058123657337,0.20987995726227,0.2538011315291507,0.1674922067385678,223.24734
0.2105263157894737,0.1696969696969697,0.4544700588867948,0.0419662854293747,0.0657798440774072,0.0702421165791514,0.3563820461845315,0.223961637024379,0.123766729699395,70.92358
0.0702644937216136,0.5151515151515151,0.164243428462798,0.0293582839810452,0.0316342213114757,0.0445337047000757,0.2745596454351385,0.1650609683823751,0.0775101089602076,207.68356
0.4563184611274379,0.4969696969696969,0.2485219111590354,0.0371351142987305,0.0575675589139343,0.0551445520250924,0.3791015911423975,0.2555883439639081,0.1221729658444816,157.52602
0.4496393267432541,0.3939393939393939,0.301148698122398,0.0388194479277535,0.0672537970106074,0.0651337335945996,0.5497131716743027,0.3610713109139122,0.1712804949117229,211.2011
0.3189954581886187,0.4848484848484848,0.2272634056852061,0.0337990164585498,0.0697137551229507,0.0575573683101301,0.5808549640709767,0.3516187550004448,0.1600973239941947,179.30397
0.1040609137055837,0.4545454545454545,0.2285520004205951,0.0286511932156668,0.0497011612021861,0.0432498997888331,0.3412988219191463,0.2046681927282427,0.0923204225238298,269.073
0.1900881645738712,0.5454545454545454,0.2468658179791172,0.0307290396213153,0.0623342574734817,0.053031093051629,0.5086790369469381,0.3080528726736514,0.1366821543650153,170.14851000000002
0.0512957520705316,0.5151515151515151,0.2651317615100478,0.0397528297258468,0.0530993852459017,0.0415060188686263,0.4475729579117159,0.2443550537825603,0.0990435679215461,340.67673
0.1723216671119423,0.4969696969696969,0.288144371354828,0.0336413227581211,0.0818327356557381,0.0508101607924325,0.6585313095761856,0.3726706262778919,0.1605894388436187,238.55029
0.0364680737376436,0.2121212121212121,0.3427865678361044,0.0292258991461177,0.0545594262295083,0.0239886937009534,0.5240871095468543,0.2884006356120547,0.1237317335695051,102.46546
0.05196366550895,0.1818181818181818,0.3379873271355907,0.0132112277914702,0.0089971823770489,0.0184409208683042,0.3976572811262648,0.1094680638278961,0.0387631351837066,237.3185
0.0781458722949505,0.4545454545454545,0.3431385725044313,0.0341905688439682,0.0574920541987286,0.0574423141682691,0.5560214406924241,0.3194569676034684,0.1549951512480132,204.12573
0.0451509484370825,0.3939393939393939,0.2688257214790046,0.0211659989019848,0.0222848360655738,0.0339684861708593,0.4730898958791598,0.212268868343853,0.092410926404184,181.74338
0.0965802831952978,0.4424242424242424,0.2899282446665722,0.0610169491525423,0.0918865266393444,0.1092694296021722,0.3565112186537615,0.3415928638101169,0.2233668089947923,286.61053
0.0300561047288271,0.1878787878787878,0.3390927819545207,0.0124052377670571,0.0360687756147541,0.0329147192640988,0.3126374835019798,0.1984551404569297,0.0849685983857986,78.54082
0.0650547689019503,0.3696969696969697,0.3788217836226259,0.0121669450641874,0.0057633196721311,0.0129923260974675,0.1972136676932116,0.0286025424482176,0.0206348847206825,508.8725
0.144803633449105,0.696969696969697,0.3307082118058396,0.0466493008912616,0.0800204918032786,0.0828012843559009,0.3770420882827409,0.2990015779180375,0.1757746970544216,307.88422
0.6851456051295752,0.0606060606060606,0.1651436342688904,0.0619296366706099,0.1218707010202918,0.1067559939657434,0.6364395246929343,0.4953808636913809,0.2582859591253819,13.73432
0.2924125033395672,0.5454545454545454,0.2345122298120448,0.0450464625062274,0.0867972647897361,0.0741248209809039,0.5703896401996964,0.3876170635457434,0.1871136808841609,319.73059
0.0829548490515629,0.4181818181818181,0.2721542720519087,0.0395811188076019,0.033347207991803,0.0564540123724631,0.2127694676638803,0.2149566072539784,0.1356588520875687,226.84064
0.1192893401015228,0.2424242424242424,0.3696249217912477,0.0230232802625891,0.0152514515027321,0.0192983978610595,0.2554076844112053,0.1219136145435153,0.0458256701327497,141.97942
0.1095378039006144,0.6666666666666666,0.2896183691425256,0.0354215094207387,0.0493019979508195,0.0595564261185429,0.3018184484528509,0.2195028446973083,0.1211281308686108,433.3244
0.1291744589901148,0.3939393939393939,0.2156690125520478,0.0272775058697096,0.0466444672131148,0.0447912921661731,0.4243584103240958,0.2948845452929169,0.1347085613438533,105.37344
0.2146673791076676,0.6666666666666666,0.3231838073674473,0.035338340595031,0.0527527322404373,0.0586935769807722,0.3471613628586802,0.2498377633567425,0.1297748069519909,246.64589
0.1985038738979428,0.6545454545454545,0.3035552819675772,0.0308758081372694,0.0445425506268082,0.0477695510223726,0.3912308170078398,0.2557815596680474,0.1229103538150332,456.28815
0.0,0.0969696969696969,0.4875778214079421,0.0487799179992757,0.0537909836065575,0.0795903946047136,0.5662120545534536,0.3750333362965601,0.1179136269753278,59.95886
0.0116216938284798,0.0969696969696969,0.4875778214079421,0.0269130582064969,0.0380379098360656,0.0550438243060636,0.6216454025516938,0.4451645701840169,0.1846764001435129,59.95886
0.0737376436013892,0.2484848484848484,0.3512595743702998,0.0304173626604681,0.0621798155737709,0.0486592365768695,0.4637410177445359,0.2949012134411951,0.1310528510338448,187.0354
0.0025380710659898,0.0969696969696969,0.282770990497963,0.0142975621722015,0.0545594262295083,0.0297534185438181,0.4551253849538055,0.1805160458707443,0.0847504193885169,36.7
0.7055837563451777,0.6545454545454545,0.3035552819675772,0.0473073800651796,0.0754848125853828,0.0816708094169571,0.4610146435205542,0.3584085946528573,0.1897637081055917,273.77289
0.1227624899812984,0.3333333333333333,0.2260806560726376,0.0469109556238247,0.0816854508196723,0.0718379761063522,0.543667204379921,0.3356909503066931,0.1597716716389924,77.28358
0.0285866951643067,0.4,0.2835465497449446,0.0142975621722015,0.0222848360655738,0.0044630127815727,0.0,0.0940083562983377,0.0958048219174539,250.31923
0.3020304568527919,0.5151515151515151,0.2316430958166456,0.0345085123579269,0.0586829114048162,0.0520631439196463,0.4609583692062207,0.2923034944945644,0.1348988793123483,172.34178
0.0854929201175527,0.6787878787878788,0.220970321236466,0.0968706561226042,0.1163870389344262,0.1598213141919676,0.2233648628831193,0.2801429571517466,0.250364439732496,284.2897
0.1029922522041143,0.5454545454545454,0.2345122298120448,0.0538494784426872,0.0858307718579233,0.0936612821243945,0.4915921200567046,0.3501908502978024,0.1778320441917514,319.73059
0.1214266631044616,0.6363636363636364,0.2802282703270509,0.0629106085308117,0.0831137782982046,0.0931152124388185,0.3621114672588517,0.2514390168014921,0.1522727786953866,511.16418
0.7253539941223617,0.3939393939393939,0.2156690125520478,0.0460069065537255,0.0831139789150129,0.0780831490600594,0.5038041926196919,0.3857969027071439,0.1999202221904283,173.97252
0.0718674859738178,0.3757575757575757,0.3594489925737808,0.022591082713266,0.0226263661202182,0.0255796751091993,0.338539375274967,0.2017957151746846,0.0984714541064516,263.74127000000004
0.0187015762757146,0.2484848484848484,0.225831711129162,0.0489200901774348,0.0648053278688523,0.0633499869828797,0.5064525590262515,0.3238621210774311,0.1661069432637633,115.84508
0.098183275447502,0.0909090909090909,0.4267795472405237,0.0487265190742628,0.0920057572209216,0.0746078776898359,0.6778608789167533,0.4195769782710873,0.2031996815741024,28.90721
0.0649211862142666,0.3939393939393939,0.3779903423288921,0.0204931724468224,0.01688012295082,0.0200587630016243,0.1936354304150154,0.0642557116188106,0.0376043622870333,529.0011
0.070932407160032,0.6666666666666666,0.3157986728275027,0.031370533471948,0.0447745901639348,0.0351338283971583,0.337380847631619,0.1323784336385456,0.0583556091395988,521.69708
0.238445097515362,0.6666666666666666,0.3259857436368454,0.0384952850417933,0.059085919203747,0.0549198517287975,0.3589948253828596,0.201367899368833,0.0996253785809638,535.9845
0.1552230830884317,0.7272727272727273,0.316096362235435,0.0340618392925977,0.0490949453551914,0.0463795186282574,0.4852617685877695,0.241229775980089,0.1099191175440691,362.20102
0.1401282393801763,0.696969696969697,0.2906225051103348,0.0362753274246223,0.0617287425689064,0.0544593821560959,0.4611323564249231,0.2829427328827255,0.1341851448678348,496.47852
0.1955650547689019,0.4848484848484848,0.2510618459319785,0.0317069466995292,0.0478654371584701,0.0494815880060663,0.4381629759984337,0.2778302515779178,0.1324007123948294,271.49503
0.1055303232701042,0.4848484848484848,0.2510618459319785,0.0280544602286475,0.0517271662763469,0.0429724373540005,0.4511407202564277,0.2671237443328299,0.1178138880051417,310.28445
0.084958589366818,0.7393939393939394,0.2756159994652036,0.0285203658493848,0.038353825136612,0.0414729595146891,0.2488439165077958,0.0964085696506357,0.0595644823986113,499.5884400000001
0.004942559444296,0.2727272727272727,0.2928271476027646,0.0197642771203962,0.051485655737705,0.0405390327659522,0.3022437307523097,0.114260156458352,0.0850413247182258,161.1727
0.1659096981031258,0.6666666666666666,0.2750505636775052,0.0264748976216228,0.0436158360082539,0.0372177814127655,0.4059420561840255,0.2019690017512058,0.093473510673773,463.83139000000006
0.1464066257013091,0.7333333333333333,0.2856986178507103,0.0305575348386264,0.0472921545667447,0.0450339242102504,0.3934510715856972,0.2001130259197664,0.0880528875124496,444.64804
0.1029922522041143,0.3939393939393939,0.2156690125520478,0.0440571938428468,0.0725784205548552,0.0681944538483472,0.5257030694778178,0.3473898534570605,0.1739613871659028,90.32139
0.0840235105530323,0.5454545454545454,0.3303690896031191,0.0300969691103903,0.0364461358313814,0.0393834312421525,0.3402363144994016,0.2543618956605662,0.1279706398024057,243.12361
0.0398076409297355,0.5454545454545454,0.3461187742438428,0.0466773353268931,0.0470671106557378,0.062017281777271,0.2724373075230972,0.1992052071295228,0.1040956238141566,295.51785
0.065989847715736,0.4242424242424242,0.1959200186900203,0.0332628578770923,0.0515240778688525,0.0482749215873449,0.4509678838539376,0.2891006978398083,0.1467714356824475,132.556
0.1180870959123697,0.5454545454545454,0.3461187742438428,0.0391080377063158,0.0511506935687268,0.0492075768224684,0.4044976141324594,0.2607475365331632,0.1243135442289229,295.51785
0.0999198503873898,0.5151515151515151,0.0941058889928384,0.0505539721290985,0.1012543224897543,0.0836349999380139,0.3637607237131544,0.2940573884345279,0.1614767000992307,31.9054
0.150146940956452,0.1818181818181818,0.4377998002173306,0.0463449270186879,0.0603483606557375,0.0730021376414395,0.3295749271992125,0.2006464066647182,0.117658738495964,70.26446
0.1627037135987176,0.4242424242424242,0.2052324745371103,0.033701396548761,0.0517161885245903,0.0557132762232995,0.3622588146565287,0.3261147022592495,0.171938902492689,114.05259
0.2270905690622495,0.7393939393939394,0.2751299475196205,0.0346822535420135,0.0575285103349965,0.0498822530021574,0.454519022934637,0.2865790968859063,0.1350627069626294,378.04727
0.1317125300561047,0.4242424242424242,0.2108695977641611,0.0274987776652324,0.0507034909250587,0.0409175918858181,0.511957136572182,0.2952003471737152,0.1273732449288968,143.75526000000002
0.0241784664707453,0.3575757575757576,0.3717151888795772,0.0,0.0230532786885246,0.031241089471009,0.2573691157061152,0.0,0.0073696016859581,486.18185
0.2734437616884851,0.503030303030303,0.2454828678875298,0.045321787909875,0.0599159233365478,0.0637379482246766,0.3676845837323054,0.2298321942342567,0.1255764156014237,313.36615
0.094042212129308,0.5757575757575758,0.2528821035046922,0.0304555914363292,0.0618014157973172,0.0482478730250321,0.5365822767934534,0.309429019953289,0.1371221940491348,208.84711
0.0317926796687149,0.5757575757575758,0.3535832926259025,0.0208389304862808,0.0081113387978145,0.0360346957919572,0.1925502273060579,0.072145301804605,0.0417610762204286,270.026
0.1021907560780123,0.2,0.2407990471153548,0.0335478746393487,0.0416788641686182,0.0396594178129701,0.3326908707463046,0.1574266918964228,0.0684504858349883,67.61561999999999
0.1156826075340635,0.696969696969697,0.1940694699143942,0.0327124895336177,0.0423150108088633,0.0440661207059679,0.3538456703876859,0.2425572749323759,0.1159795860470434,260.52689
0.0492920117552765,0.2121212121212121,0.3095828831724012,0.0519758436612972,0.073975409836066,0.0919132687849452,0.4853644229359128,0.3598319850653395,0.1883127167648737,141.06625
0.0130911033930002,0.2121212121212121,0.2370552981577029,0.0260720251375439,0.0535348360655741,0.0542999888424681,0.3331866842645536,0.116343674993333,0.0442176101157478,41.91458
0.1441357200106866,0.3393939393939394,0.2593907081212804,0.0348880306015099,0.0599023625843785,0.0608282389111998,0.5096555472166874,0.3302411194720557,0.1647528074740989,135.68178999999998
0.0785466203580016,0.2727272727272727,0.3323557747044779,0.0445327010010629,0.0920594262295084,0.0774332717602868,0.8071711394632644,0.4727920259578635,0.2176214287330421,173.05232
0.1056639059577878,0.696969696969697,0.1473125609958633,0.0434247686622682,0.0822860906657745,0.072152039968759,0.3125420867863221,0.2204073468662062,0.1115374570955867,155.43481
0.1028586695164306,0.1515151515151515,0.319852123221828,0.0426908385800557,0.0715266393442624,0.0546867832835378,0.8401143862736471,0.437518890568051,0.1727783721584202,100.32612
0.1464066257013091,0.0909090909090909,0.3414236377924189,0.0366976259368005,0.0615607923497268,0.0531283264455627,0.7065092058234052,0.3749516296873454,0.1591043005884841,39.84597
0.136120758749666,0.3939393939393939,0.2077720611353073,0.0308846032543304,0.0511654713114752,0.0465448153979451,0.5422593733196481,0.3092821213737525,0.136940990392582,168.66856
0.0219075607801228,0.4,0.3155368454184207,0.0046256818792416,0.0088370901639344,0.0219431461760659,0.1621205455345358,0.0277941372566449,0.0257936059008532,431.35086
0.032594175794817,0.7575757575757576,0.2828482852916015,0.0416311369131749,0.0545594262295083,0.0301253362756159,0.4810822701275847,0.1941422570895193,0.1068592244463908,390.78082
0.0301896874165108,0.6727272727272727,0.3045594179353864,0.0172411779135371,0.0487961065573771,0.0273566153833441,0.4563230190154949,0.2158803004711521,0.0972593485659982,282.28693
0.0387389794282661,0.696969696969697,0.3006438447405245,0.0116342907871833,0.0355404713114755,0.0108476005107667,0.3738084763161767,0.1776824606631701,0.0683142682599659,340.67755
0.0407427197435212,0.8181818181818182,0.3056044644358647,0.0300368953197513,0.0426485655737706,0.0387857063160485,0.3379737288668235,0.1600142234865323,0.0658831308616849,612.69672
0.108469142399145,0.7212121212121212,0.3070580940009143,0.0299017292908118,0.0442266173887585,0.039854969794967,0.4428068631764188,0.2249262434438619,0.1083501142611488,469.49564
0.0058776382580817,0.7393939393939394,0.2756159994652036,0.0462568187924166,0.0522540983606558,0.0282657476166272,0.3277606687197536,0.12101075651169,0.0742778275189977,499.5884400000001
0.1651082019770237,0.509090909090909,0.2278540841419982,0.0316971164428793,0.0784210666382799,0.0530103520322087,0.763805486198799,0.4183261455852347,0.1788941844666371,251.10924
0.1520170985840235,0.696969696969697,0.3006438447405245,0.0331553925405036,0.0648650956284153,0.0493576154288009,0.6784034804712319,0.3361687705573844,0.1454591294173161,397.45145
0.1828746994389527,0.696969696969697,0.2806009913927721,0.0305263854657023,0.0545214784456592,0.04147571446085,0.443944751321201,0.243642027439476,0.1118405292896774,374.78775
0.2042479294683409,0.6424242424242425,0.2521685193625199,0.0481725052272543,0.0666471506635445,0.0559765703635879,0.4401322634934581,0.3209015404543892,0.147073423119955,282.47903
0.0271172855997862,0.4242424242424242,0.2093863733456912,0.1193332476725577,0.1200478142076504,0.119840158023712,0.1829691548125339,0.1580696061872167,0.1132591416999859,255.12355
0.2389794282660967,0.696969696969697,0.2454012209095647,0.0434814096648716,0.0922515368852461,0.0613921738972876,0.5420724897627671,0.3242595923056421,0.1490628745872314,260.23386
0.2057173390328613,0.6666666666666666,0.2648634928681626,0.038330719263799,0.0554675856929955,0.0562835500787229,0.3854204162167224,0.2670565666443098,0.1307781071113421,499.08466
0.1733903286134117,0.696969696969697,0.2454012209095647,0.0489232759087567,0.0715306562034276,0.0649630392666233,0.6319791625005016,0.3962028316658469,0.1796120028126724,260.23386
0.0520972481966337,0.6363636363636364,0.2387129581239787,0.0369587309745466,0.0529798497267757,0.0454566116641665,0.4390428704111042,0.2211029869321736,0.0947381690418549,401.36356
0.0880309911835426,0.3939393939393939,0.2040006322853389,0.0651800628438598,0.0499487704918034,0.05727533069685,0.5568631764188298,0.3157780691617036,0.1292589348339736,207.65422
0.088698904621961,0.3757575757575757,0.2300507186152673,0.0649172400098119,0.0668705174180326,0.0795284083160809,0.5437380847631631,0.3353527257978475,0.1857066898528983,255.36421
0.1965001335826877,0.5575757575757576,0.3427414792064819,0.0373270265014737,0.0407161583895854,0.0403785976659609,0.5901266357840959,0.3440305804960445,0.1497050162916487,330.28705
0.029254608602725,1.0,0.32139975996833,0.0377063159247272,0.05327868852459,0.0332246507072638,0.6272180671652748,0.2926926837941138,0.1143257945755849,672.7524400000001
0.1098049692759818,0.593939393939394,0.2181955425972652,0.0490228831080844,0.081437841530055,0.0650277491952113,0.7552573691157061,0.4436449906658368,0.1962188771700725,272.81827000000004
0.2500667913438418,0.5515151515151515,0.2544288698143289,0.0785524886402129,0.0898286824975891,0.0876566338819973,0.5340299164100307,0.4007517988527108,0.2016498705281146,279.03922
0.2966871493454448,0.703030303030303,0.2697602224975897,0.1043628590451938,0.1112586696090794,0.1156416200736402,0.455419059114615,0.3545947673981303,0.1978196023945731,467.81006
0.0406091370558375,0.5757575757575758,0.3535832926259025,0.0299968461259916,0.0222848360655738,0.0178520511262909,0.3262208534975803,0.1695984087474445,0.0773808177025587,270.026
0.0412770504942559,0.2121212121212121,0.2522604374954955,0.0380267094748051,0.0650706235362996,0.0605694591784866,0.4541669285400045,0.3207963723759554,0.1609052789158739,81.32281
0.0703980764092973,0.593939393939394,0.2956186386297791,0.0388220864628718,0.0339344262295083,0.0523957700556638,0.2397184337879455,0.2121188550093344,0.1207528629932863,388.45181
0.1932941490782794,0.4545454545454545,0.2182496837702868,0.041901468971053,0.0617910201990632,0.0605694591784866,0.5138452433327056,0.3187634535768273,0.1518387294732811,142.86893999999998
0.0670585092172054,0.4545454545454545,0.1747750181834261,0.0503117996605833,0.0704359997072599,0.074290566926596,0.3119382816919094,0.2978479039406695,0.1576741518608935,172.29018
0.0255142933475821,0.6727272727272727,0.2068302484470535,0.0505145487039913,0.071080942622951,0.0720125708193349,0.6240926088869335,0.4185059505289364,0.1887127115932234,257.5636
0.2610205717339032,0.4242424242424242,0.3218008572758599,0.0499629095687917,0.0682422086110613,0.0727105977344628,0.5235790752728728,0.385246698363421,0.1872279489053732,301.45898
0.0491584290675928,0.206060606060606,0.2953601188807853,0.0485462977023441,0.0366290983606561,0.0536801259561388,0.2317910739600134,0.0703118054938216,0.0374944647180321,85.2866
0.205450173657494,0.4727272727272727,0.3367365093601558,0.0595298497715297,0.0760851341281669,0.0846484757571627,0.3522897252329739,0.2669222112672645,0.1528839737315425,236.52286
0.3581351856799358,0.6363636363636364,0.2170765089632365,0.0452352378635529,0.0575329650748395,0.0564122390040371,0.4649058417337747,0.2755176969836945,0.1267735914736347,166.50214
0.43895271172856,0.5757575757575758,0.2715491443431527,0.0407507090490528,0.0569400916104146,0.0526518828152859,0.4444664897292917,0.2577701895941969,0.1186221937696948,469.2741400000001
0.0207053165909698,0.2787878787878788,0.2951956063132437,0.0265976708056395,0.0285284323770492,0.0427240494402639,0.2354267487901452,0.1389811038759002,0.0891139993341499,246.41071
0.0579748864547154,0.2787878787878788,0.2951956063132437,0.0230162716536815,0.0302254098360653,0.0427953336721915,0.2709781492887506,0.1200940083562986,0.0686148704339986,246.41071
0.043280790809511,0.2787878787878788,0.2951956063132437,0.0186604212173953,0.0206999231557377,0.03026480542504,0.2193686757589089,0.1030091563694552,0.0627507038292838,246.41071
0.1977023777718407,0.2303030303030303,0.2746912473395097,0.0397888740002304,0.0556633001561282,0.0569742544377755,0.3935956256677783,0.2862119489986434,0.1418463622750274,94.93641
0.4453646807373765,0.6363636363636364,0.3541652667140416,0.0354759601124337,0.0538739339346725,0.052292636766798,0.4289373131296216,0.28068686898439,0.1304046744159002,316.17267000000004
0.0507614213197969,0.406060606060606,0.19328921030834,0.028595124344403,0.0793417008196723,0.0582981044592937,0.37961944566652,0.2593355520490713,0.1152227526755208,144.27507
0.2519369489714133,0.6666666666666666,0.2122938065631636,0.0367028105583635,0.0462375419150526,0.0502736976399002,0.4106290578463923,0.2969392733899593,0.1437623285825648,171.39491
0.2526048624098317,0.5757575757575758,0.2919053549624127,0.0380731301312085,0.0592474252182242,0.0584297246955467,0.4686794727489837,0.3419752029906268,0.1626299319420052,239.47726
0.0984504408228693,0.3515151515151515,0.2190219353571803,0.0322496132749726,0.045841261709602,0.0494562031450071,0.2398916891877739,0.1677172891558616,0.0875140200207511,151.40213
0.0848250066791343,0.5757575757575758,0.2824111518978482,0.0389878901250369,0.0511014344262296,0.0515238886301207,0.3660910690717114,0.2291275097469006,0.1050930135160157,436.67636
0.3471814052898744,0.5151515151515151,0.2147799483378312,0.0330398409038542,0.0455236829416837,0.0502514973718776,0.3052252924695469,0.2215955487753036,0.1111876795998917,201.81615
0.1981031258348918,0.5454545454545454,0.3620392385975382,0.0313726100968092,0.0361784684274437,0.0454520200872309,0.3453395469086933,0.2345609733210854,0.1083137510949352,235.22528
0.2085225754742185,0.3090909090909091,0.273359478935602,0.036927359106102,0.073907713700234,0.063619184579228,0.519049714034316,0.3640252149397389,0.1635566732066491,143.43071
0.0937750467539406,0.5757575757575758,0.3425327484461832,0.0435655129717669,0.0526383196721312,0.0636103293951382,0.2183238011438627,0.180216019201707,0.1039113837720074,254.69817
0.0629174458990114,0.6363636363636364,0.2802282703270509,0.0368052090651351,0.040654274004684,0.0475877593019278,0.2775019378626925,0.1623953875265106,0.0778102493797485,460.04266
0.2308308843173925,0.5757575757575758,0.3041349929198665,0.0471349562614706,0.0637468358244937,0.0610738140017548,0.4750168215108314,0.2508862715901543,0.1156890568069657,465.10269000000005
0.1938284798290142,0.6666666666666666,0.2648634928681626,0.048018315831279,0.0635630122950824,0.0769745732244027,0.4028621009923274,0.3628072495332922,0.1884517048668458,499.08466
0.2984237242853326,0.7878787878787878,0.289345748316314,0.0381518632053036,0.0488990229800941,0.0476320352223801,0.436028271845473,0.2879348203967328,0.1330857251831201,404.20337
0.1481432006411969,0.1757575757575757,0.312430604420914,0.0339949389348404,0.054245063338301,0.0486282434325528,0.7680828300603915,0.4058656223987586,0.1661179624050405,115.64655
0.1920919048891263,0.6666666666666666,0.2484881382086618,0.0483436602041504,0.0650464079074251,0.0623588693197105,0.4410905985399385,0.3088803972117781,0.1533511853216808,341.98193
0.331285065455517,0.5757575757575758,0.2496026455709909,0.0402103007436557,0.0523821721311479,0.0497261520903091,0.4618556884284998,0.3378027541842084,0.1601918682263501,231.59195
0.2497996259684744,0.5878787878787879,0.2616111925646586,0.0493602800000736,0.0807718579234973,0.0669060424886651,0.7894685386291641,0.4793233082706762,0.2174610905615503,275.52499
0.1572268234036868,0.6363636363636364,0.2964984762132235,0.0487681552990106,0.0485677232603461,0.0565158902934588,0.2261144047329695,0.1422399162753865,0.0832735154069178,396.84268
0.1902217472615549,0.5757575757575758,0.2824111518978482,0.0333171745961286,0.0424884733606561,0.0397487075858821,0.4297413477049407,0.2125501433460754,0.0918897210217885,388.16107
0.0056104728827144,0.5575757575757576,0.3427414792064819,0.0664416124472893,0.0537909836065575,0.0788465591411181,0.7553893532776067,0.3885345364032363,0.1848218528083673,330.28705
0.2884050227090569,1.0,0.32139975996833,0.0517813825760419,0.072109598620869,0.067053421751363,0.5932629883355786,0.3689984083241281,0.1791668994678889,672.7524400000001
0.3179267966871493,0.6181818181818182,0.2973337474291647,0.0924614165772838,0.098415903246545,0.1042803841594161,0.5634300354545709,0.3836190667928643,0.2099766077890753,249.44191
0.0551696500133582,0.3939393939393939,0.2876254168957366,0.0248104755341143,0.0283043032786883,0.0262821863803724,0.2552427042088296,0.1698484309716423,0.0886291571179687,248.54843
0.029254608602725,0.3939393939393939,0.3335272086377976,0.0219369458818579,0.0061475409836065,0.0195256809193806,0.2995307229799077,0.1028008045159569,0.0368480084297902,414.78473
0.1597648944696767,0.7151515151515152,0.2781228576372653,0.0974079828055456,0.0946635928961751,0.1014137006227559,0.3064293395903605,0.2144829540403606,0.1301009441494086,483.75497
0.0462196099385519,0.503030303030303,0.3111698636652146,0.0824212407573969,0.107581967213115,0.0944671038766227,0.5244170699516058,0.3370299582185087,0.1406042426926195,312.19336
0.2141330483569329,0.4969696969696969,0.3288191897207674,0.0846996757987424,0.0773961438152015,0.0765136206416594,0.5688997320321557,0.3284610147164618,0.155937598162183,300.84631
0.2031792679668715,0.7575757575757576,0.2926017044546521,0.0824738053242064,0.0923411885245906,0.0785133828397158,0.4978460918023183,0.2564186261000997,0.1196287563150699,517.1405599999999
0.0454181138124499,0.4121212121212121,0.3382195596912525,0.0258617668703056,0.0163934426229505,0.0239886937009534,0.3959524857017158,0.1896001866832626,0.0737445010811979,389.95911
0.434010152284264,0.2,0.4083779896459794,0.0407066908517474,0.0593225090264855,0.056884588127738,0.4883570469491686,0.2891009372591749,0.1410340344246105,81.52847
0.0442158696232968,0.2181818181818181,0.3798281827262849,0.0445747526545105,0.0290087090163935,0.022748967928294,0.7167473236544961,0.3954101475686732,0.1606767104425313,250.61206
0.141063318193962,0.2181818181818181,0.2644169587562641,0.0163475802777745,0.0078525230532787,0.0329534606944942,0.1067559392872855,0.1598996299671082,0.1027623077196574,198.29407
0.225220411434678,0.5212121212121212,0.3259481407642645,0.0491239769820293,0.0602229481583992,0.0779143497614172,0.3061861148090804,0.3225660101965801,0.2055856929652497,262.2186
0.1554902484637991,0.4424242424242424,0.36421498258604,0.0351407210801458,0.0404319041614127,0.0469154865477692,0.4567746892997273,0.2958362513068021,0.1408517096699285,399.52826
0.1326476088698904,0.2363636363636363,0.2501085434771028,0.0329805110610869,0.048219774590164,0.0409906471545639,0.4422176481679323,0.2047324841573214,0.0876698621616665,101.17236
0.1842105263157895,0.1515151515151515,0.4240919863752259,0.0489433187098154,0.0664900468384075,0.0968346258950378,0.2420614669096833,0.3219514750517489,0.2038021788347435,160.76959
0.0410098851188885,0.1515151515151515,0.3452384143982791,0.0319592566202151,0.0868340163934428,0.0795903946047136,0.5662120545534536,0.2810249799982224,0.1621312370910757,54.14545
0.228960726689821,0.6363636363636364,0.2906071854215055,0.0444946542669913,0.0743925644028106,0.0668064605061742,0.5429367523516233,0.3244276475369247,0.1670004382050124,369.05676
0.3332888057707721,0.7878787878787878,0.2583416576112218,0.049849712062984,0.1070245901639349,0.0884231927897553,0.7480416483355344,0.4736541025868971,0.2346822505729215,294.89606000000003
0.0977825273844509,0.3333333333333333,0.3646153835440777,0.0467240593862798,0.051693013270882,0.0576531518847083,0.4282152808329654,0.2765722032434642,0.1374366068802343,239.57693
0.4456318461127437,0.5454545454545454,0.255703711647246,0.0553672687210047,0.0710084352502386,0.067380735592927,0.495919819427664,0.354176985044176,0.1666492482611218,227.41734
0.1083355597114613,0.5151515151515151,0.2021457313253863,0.0556869020780524,0.0757396260245903,0.0729981528085989,0.3555433347998241,0.2479532902924707,0.1289825747707502,191.91234
0.0647876035265829,0.2424242424242424,0.3010802817847855,0.0499947435433186,0.0623292349726776,0.0571926823120061,0.4814488927995294,0.2417992710463177,0.0864958513667701,164.12714
0.135319262623564,0.5757575757575758,0.260687136788457,0.0556840848921185,0.0787226775956282,0.072511803526315,0.4793814284769468,0.2735471911228729,0.1352120367118722,362.60135
0.1761955650547689,0.6060606060606061,0.3041282035123172,0.061843186269356,0.0737100125227686,0.0774690860603857,0.4050121392840254,0.250487543337188,0.1363888089797088,403.94186
0.0555703980764093,0.4242424242424242,0.3218008572758599,0.042472169982128,0.0607069672131149,0.0457458810111204,0.5967883853937528,0.3102775802293541,0.124022638899214,180.8754
0.2098584023510553,0.5151515151515151,0.2536042179281443,0.0528039996689071,0.0760464056004392,0.0715612424235108,0.5232172139343292,0.3268974786062842,0.1594810756185126,369.02985
0.141464066257013,0.4545454545454545,0.2493503929674272,0.0554135663306427,0.067478867827869,0.0648531544822286,0.5072976242850858,0.257291620366255,0.1203717770113677,328.7482
0.2087897408495858,0.5878787878787879,0.2580706035713676,0.0389497255992185,0.0475801591128259,0.0487606023900458,0.4272611992443247,0.2427186338132025,0.1126088827276952,364.21359
0.0909698103125835,0.5757575757575758,0.2496026455709909,0.0470452872945601,0.051821849385246,0.0625596618028096,0.4081610206775187,0.2876401513467883,0.1377315525617444,205.8618
0.3454448303499866,0.5757575757575758,0.2639606757514742,0.0529038801511764,0.0746413934426228,0.0710645012219852,0.5888951256883679,0.4272701634781325,0.2021129981071087,191.58847
0.6206251669783596,0.3696969696969697,0.2382700798469145,0.0422058428436259,0.0600256147540982,0.0671286711379447,0.4179425135650373,0.2944489510178708,0.1533193914260497,108.77183
0.4491049959925193,0.4727272727272727,0.3042500646734591,0.040305668796505,0.0677377049180327,0.055927500836815,0.634990467810528,0.3618374966663724,0.1617759447150577,268.09116
0.0995191023243387,0.5151515151515151,0.2461726020595929,0.0487799179992757,0.0936539446721313,0.0713617147886889,0.6010778706555213,0.3476246499688865,0.1827491523341916,230.37874
0.2105263157894737,0.2303030303030303,0.3298818190459246,0.0303137571374813,0.0467135156806845,0.0374397183343043,0.4612846458424989,0.2612659772656139,0.1138114402245058,172.79748999999998
0.4841036601656425,0.5151515151515151,0.3076374567784575,0.0348514209267443,0.0558974204435872,0.0549930684744298,0.4761238063197141,0.3227039789157713,0.1525792750296936,279.17688
0.1275714667379107,0.5454545454545454,0.2484407864431895,0.031549522560982,0.0570486548970155,0.051636167823267,0.6420371435769602,0.4011852335592252,0.1734641130980243,220.30299
0.181939620625167,0.5454545454545454,0.2127029118898542,0.0565867295883995,0.073774049408015,0.0663632093469818,0.6392962474132732,0.4389232746614526,0.1968432462017995,185.61954
0.2027785199038204,0.5454545454545454,0.2269004335123764,0.0556358949798892,0.0651724726775957,0.0682840955580627,0.5201740235616191,0.4402261682519911,0.2140567610169613,177.18556
0.1449372161367886,0.5757575757575758,0.2358960503404975,0.0363746802322185,0.0557505122950821,0.0666699726020605,0.2609854817421908,0.2309455284914217,0.1298116549604205,306.68552
0.1824739513759017,0.2424242424242424,0.2058532701094418,0.0332488406592761,0.0500315258511979,0.0504549316768053,0.3854185702843864,0.2598461743607963,0.125062438975148,48.52536
0.1411969008816457,0.6545454545454545,0.2953822279771639,0.033308606379195,0.0791918122860747,0.0509813383125811,0.7924561140575233,0.4345551106374311,0.1817657484654919,276.25253
0.4977290943093775,0.696969696969697,0.2806009913927721,0.0390912523824609,0.0599837270973966,0.0629955191726716,0.3817651125562429,0.2336447179992079,0.1180065211142263,374.78775
0.0732033128506545,0.6181818181818182,0.2485922424577515,0.0651800628438598,0.0947905993852464,0.1303881581394201,0.2153816542014958,0.3213931516134787,0.2576087905126071,121.64455
0.1088698904621961,0.6181818181818182,0.2624621316441752,0.0871432910091225,0.1035476434426232,0.1580185462975593,0.2215454978735898,0.3574067694906218,0.3208443365580721,131.51511000000002
0.0355329949238578,0.1878787878787878,0.3362250406581059,0.0288894859185365,0.038844774590164,0.042696155610379,0.3871095468543775,0.1738404524846655,0.070583329831695,129.8318
0.2539406892866684,0.6363636363636364,0.2594706142255149,0.0372804081526294,0.044325839375788,0.0486210911684801,0.3672586212731413,0.2262765237251857,0.1096228250786251,335.1264
0.102725086828747,0.2181818181818181,0.322478927593928,0.0386612388884345,0.0634445440573772,0.0554389868960987,0.7119170699516058,0.3933787169970669,0.1593312732926278,186.29158
0.2272241517499332,0.6363636363636364,0.2906071854215055,0.037740580234944,0.0492628642987247,0.0598126361115588,0.3391618191002244,0.2154913770112879,0.1141016897289944,369.05676
0.2134651349185145,0.696969696969697,0.2906225051103348,0.0264610029319347,0.0318183273565574,0.0411294521651811,0.2987846458424988,0.1948704468174951,0.0938957556912394,551.64893
0.0538338231365215,0.7575757575757576,0.2466772813540933,0.0298146222943848,0.0609375000000001,0.0401671150341545,0.6521557413110426,0.3385300915636949,0.1281244040481091,305.11469
0.1158161902217472,0.4,0.3155368454184207,0.0237972309319947,0.0232289227166273,0.0432345508030771,0.2524626568621293,0.1238348170631041,0.0693850769259894,470.56458
0.0444830349986641,0.2424242424242424,0.2739919383619283,0.0370475066873809,0.0402279713114755,0.0413200600027275,0.6018257809062911,0.3239787981153885,0.1449678226382525,98.43696
0.0466203580016029,0.2121212121212121,0.2295966987463271,0.0287820205819479,0.0541325136612019,0.0547132307666882,0.3195972038910866,0.1952395768512737,0.1133884329576342,66.63847
0.1940956452043815,0.6,0.2551986841779994,0.0331273581048722,0.0583340448542805,0.0520581514035762,0.5578673151814387,0.3402038514534617,0.1580962724252991,187.22653
0.5240448837830617,0.5757575757575758,0.2291205697810085,0.0369148822418924,0.0637226119167719,0.0522496731415321,0.5660479204033966,0.327063687712412,0.1440145482501293,210.72113
0.0606465402083889,0.2909090909090909,0.1962032588459887,0.0328470137485548,0.0444202527322409,0.0403117497076311,0.3785012465170833,0.2346875277802458,0.114584377090882,167.79056
0.3191290408763024,0.503030303030303,0.2955787726213485,0.0695436045457657,0.0908084615179905,0.0829569745925449,0.6908799515486713,0.4170646698176904,0.192738633566873,233.33438
0.3925995191023243,0.5515151515151515,0.3108603363159143,0.0484849469808894,0.0699605755523877,0.0651934053057031,0.3520731715092741,0.2140668542517776,0.1132498664575891,409.47156
0.2793213999465669,0.7090909090909091,0.2485852789628292,0.0477786881552841,0.0819428181108514,0.0729755720891684,0.5837418557392169,0.3395381176739508,0.1627638407445698,296.37918
0.1297087897408496,0.3939393939393939,0.3510177670091197,0.0615005431671903,0.103893442622951,0.0955766584431528,0.4934924475729565,0.3533439083474091,0.1935732548104426,161.66623
0.3443761688485172,0.696969696969697,0.2038806860853007,0.0594846459207746,0.0671533469945357,0.0644418156458182,0.5008914719707304,0.3394015140527118,0.1519682637596091,235.68623
0.1150146940956452,0.5454545454545454,0.3303690896031191,0.047814641408773,0.0480975223546945,0.0460163666342458,0.545754509458865,0.3089365519359292,0.1311101505684845,277.85953
0.1075340635853593,0.7151515151515152,0.2583439207470716,0.2015891571428957,0.2042520491803283,0.1921613093029983,0.373197062506344,0.2293973139492763,0.1552837731763898,306.88568
0.266898209991985,0.696969696969697,0.2204722572621418,0.181292562697847,0.1790951588114758,0.1727488129625731,0.3274967003959525,0.1970925193350522,0.1337679674444611,436.07761
0.1166176863478493,0.696969696969697,0.2306676842653913,0.3024354915955095,0.2808081454918039,0.2666092260392007,0.5172459304883413,0.2985765401369014,0.1950471751476341,297.0704
0.4390862944162436,0.7151515151515152,0.2475774871601858,0.2627712612652916,0.2551541234921133,0.2678404140777649,0.3491732312877166,0.3265266661019778,0.2532971252759707,328.30139
0.0649211862142666,0.696969696969697,0.1302789819788233,0.1099650737656086,0.1248719262295085,0.1138068259301045,0.4069511658600968,0.2105187127744691,0.1187863429644544,143.8132
0.2857333689553833,0.1818181818181818,0.3841436346170652,0.0533496691079221,0.0800524156101111,0.0847606007088178,0.4732786252841794,0.3499689162298848,0.1861911141016521,63.03862
0.0599786267699706,0.1515151515151515,0.3691703796601884,0.0143676482612806,0.038422131147541,0.0241746525668522,0.5898225546267795,0.2867338207840716,0.1051137924681376,109.69222
0.089500400748063,0.696969696969697,0.3106653584580873,0.0255253536427244,0.0401703381147541,0.0402414985805141,0.2827760668719754,0.102259089696862,0.0499290514223654,525.4707599999999
0.1664440288538605,0.3939393939393939,0.2185720935851936,0.058872314826712,0.0913422131147546,0.0972254937207889,0.3274233758615618,0.3055479931549491,0.1877987840157216,197.90097
0.2023777718407694,0.4545454545454545,0.2472507251609524,0.0325415102833367,0.0529929854981082,0.0546337611658764,0.5354580527259788,0.3620610293564548,0.1704779823204148,131.0845
0.2022441891530857,0.5575757575757576,0.2980570804642284,0.0897469057826025,0.0979703356752535,0.0895347663382579,0.5639197899426661,0.3239573676390271,0.1520003435453417,298.49081
0.1397274913171253,0.5454545454545454,0.2269004335123764,0.0865924249680629,0.0950695479384008,0.0856763211250399,0.6232540983970831,0.3699268217780985,0.1646465397398713,221.48195
0.6884851723216671,0.503030303030303,0.2359293010287519,0.0867989257060497,0.0991841526963875,0.0986283191624075,0.5629847796846591,0.4277129812242748,0.2170338043547425,236.54865
0.2861341170184344,0.5878787878787879,0.2972557562860339,0.0407724597938243,0.0509482832741028,0.0486431981665238,0.4711742283233699,0.2443329072918385,0.1124210088619438,303.21722
0.435212396473417,0.6242424242424243,0.2134661109333485,0.048775468088858,0.0689656924928439,0.0687565688247537,0.4404860834689265,0.3089970431234086,0.153791950972755,230.32365
0.5046753940689287,0.6666666666666666,0.2546764220588199,0.1011059461898681,0.1249539383807885,0.1245184915973785,0.4332727441128112,0.3395272562239437,0.2039773733494307,530.9719200000001
0.2269569863745658,0.696969696969697,0.3106653584580873,0.0781268749356213,0.055648884926549,0.0695679362478268,0.1299586906714034,0.1307139999746011,0.0906264551825496,408.69818
0.1053967405824205,0.3939393939393939,0.3384300313252819,0.0352416217921014,0.0353590334699455,0.0476777870068473,0.2542100503495115,0.1683830229353721,0.1012673775530982,284.4747
0.0919048891263692,0.6666666666666666,0.2750505636775052,0.0600637783410624,0.0964395491803281,0.1099636760348611,0.338686024343744,0.2791498133167396,0.1832218734949685,412.29916
0.3839166444028854,0.7575757575757576,0.273094866128551,0.0443687853723177,0.0590230585061897,0.0542183946462064,0.3276955744902463,0.2049684745219978,0.1071694245173558,433.47314000000006
0.0436815388725621,0.3939393939393939,0.17448394409567,0.0378464881028863,0.083247950819672,0.0761191624412679,0.5142249596715047,0.3820339585740959,0.2263243465134989,107.24205
0.2127972214800961,0.6,0.2589140568938425,0.0527659906958259,0.0670805207328836,0.0670295764190406,0.4003279270353103,0.2658975849207121,0.1436550817806589,444.07217
0.1878172588832487,0.593939393939394,0.2500356008677907,0.3277982010124657,0.314443468644289,0.2999427955107764,0.6316640944885568,0.394206998294031,0.2501385648270207,264.20517
0.1362543414373497,0.6363636363636364,0.2935093960177862,0.2671962060063775,0.2445184426229514,0.2370882560777561,0.6086669599648042,0.3493623044270605,0.2126978560277196,277.41922
0.0320598450440822,0.6363636363636364,0.3234902011440326,0.2119403333761635,0.1885245901639346,0.1827355788899502,0.7087549494060713,0.3746999733309615,0.2010155828288274,350.5751
0.1444028853860539,0.5151515151515151,0.2043985960201537,0.0570574539937082,0.0696937014667817,0.0789013680700144,0.4496677240836385,0.4952440216908176,0.2535857484288131,112.59354
0.1383916644402885,0.3939393939393939,0.3342155501108762,0.0460862596385731,0.0692995529061103,0.0681155622082693,0.5115509215817157,0.3262317955846252,0.1721684881175339,151.50821000000002
0.0225754742185412,0.6666666666666666,0.2562101318154771,0.1901786027170038,0.1835617315573775,0.1708032183281062,0.4805598328200616,0.2699302437994492,0.1664948170367087,360.61398
0.0138925995191023,0.3939393939393939,0.211233266286483,0.0332208062236446,0.0868340163934428,0.080334230068309,0.223933128024637,0.2280202684683085,0.1068592244463908,128.24806
0.0480897675661234,0.1696969696969697,0.2230950576246613,0.0363746802322185,0.0493084016393446,0.0520994755959985,0.5210624725032996,0.3244663414525739,0.1541555826348911,30.743540000000003
0.0581084691423991,0.2727272727272727,0.2242877302174943,0.0259919267500246,0.0714285714285716,0.033897644698136,0.8135880837156668,0.4303001536644534,0.1772860195054328,86.75465
0.1882180069462997,0.7393939393939394,0.3144341759974597,0.0376756532607552,0.0546274654200823,0.0551251813098943,0.4403756965830753,0.2605205532158433,0.1253408036744573,363.04184
